[
   {
      "model":"auth.user",
      "pk":1,
      "fields":{
         "password":"dac97d702a144634a3d5eede5357cfd0",
         "last_login":"2020-04-30T13:23:44.699Z",
         "is_superuser":false,
         "username":"lava-health",
         "first_name":"",
         "last_name":"",
         "email":"lava@lava.invalid",
         "is_staff":false,
         "is_active":true,
         "date_joined":"2020-04-30T13:23:44.699Z",
         "groups":[
            1
         ],
         "user_permissions":[

         ]
      }
   },
   {
      "model":"auth.user",
      "pk":2,
      "fields":{
         "password":"pbkdf2_sha256$36000$VGLnvQi6MQ0o$fYEPWxWKeYJeC2RdbLhZ51iNG30oDBUQIlhyfSI95RE=",
         "last_login":"2020-04-30T13:37:04.996Z",
         "is_superuser":true,
         "username":"squadtest",
         "first_name":"",
         "last_name":"",
         "email":"squadtest@example.com",
         "is_staff":true,
         "is_active":true,
         "date_joined":"2020-04-30T13:24:45.596Z",
         "groups":[

         ],
         "user_permissions":[

         ]
      }
   },
   {
      "model":"lava_scheduler_app.devicetype",
      "pk":"qemu",
      "fields":{
         "architecture":null,
         "processor":null,
         "cpu_model":null,
         "bits":null,
         "core_count":null,
         "description":"",
         "health_frequency":24,
         "disable_health_check":false,
         "health_denominator":0,
         "display":true,
         "cores":[

         ]
      }
   },
   {
      "model":"lava_scheduler_app.worker",
      "pk":"example.com",
      "fields":{
         "state":1,
         "health":0,
         "description":null,
         "last_ping":"2020-04-30T13:23:49.497Z",
         "job_limit":0,
         "version":null
      }
   },
   {
      "model":"lava_scheduler_app.worker",
      "pk":"lava-dispatcher",
      "fields":{
         "state":0,
         "health":0,
         "description":"Created by lava-master (2020-04-30 13:23:52.601142+00:00)",
         "last_ping":"2020-04-30T14:13:02.348Z",
         "job_limit":0,
         "version":"2020.04"
      }
   },
   {
      "model":"lava_scheduler_app.worker",
      "pk":"lava-logs",
      "fields":{
         "state":0,
         "health":0,
         "description":"Created by lava-master (2020-04-30 13:23:53.202600+00:00)",
         "last_ping":"2020-04-30T14:13:11.285Z",
         "job_limit":0,
         "version":null
      }
   },
   {
      "model":"lava_scheduler_app.device",
      "pk":"qemu-01",
      "fields":{
         "device_type":"qemu",
         "device_version":null,
         "physical_owner":null,
         "physical_group":null,
         "description":"",
         "state":0,
         "health":4,
         "last_health_report_job":1,
         "worker_host":"lava-dispatcher",
         "tags":[

         ]
      }
   },
   {
      "model":"lava_scheduler_app.testjob",
      "pk":1,
      "fields":{
         "sub_id":"",
         "is_public":true,
         "target_group":null,
         "submitter":1,
         "description":"qemu-amd64-standard-jessie",
         "health_check":true,
         "requested_device_type":"qemu",
         "actual_device":"qemu-01",
         "submit_time":"2020-04-30T13:32:28.996Z",
         "start_time":"2020-04-30T13:32:29.029Z",
         "end_time":"2020-04-30T13:34:38.845Z",
         "state":5,
         "health":1,
         "priority":50,
         "definition":"actions:\n- deploy:\n    images:\n      rootfs: {compression: gz, image_arg: '-drive format=raw,file={rootfs}', url: 'http://images.validation.linaro.org/kvm/standard/large-stable-6.img.gz'}\n    os: debian\n    root_partition: 1\n    timeout: {minutes: 10}\n    to: tmpfs\n- boot:\n    auto_login: {login_prompt: 'login:', username: root}\n    media: tmpfs\n    method: qemu\n    prompts: ['root@debian:']\n    timeout: {minutes: 3}\n- test:\n    definitions:\n    - from: inline\n      name: env-dut-inline\n      path: inline/env-dut.yaml\n      repository:\n        metadata: {description: Basic system test command for Linaro Ubuntu images,\n          format: Lava-Test Test Definition 1.0, name: smoke-tests-basic}\n        run:\n          steps: [printenv]\n    - {from: git, name: smoke-tests, path: lava-test-shell/smoke-tests-basic.yaml,\n      repository: 'http://git.linaro.org/lava-team/lava-functional-tests.git'}\n    - {from: git, name: singlenode-advanced, path: lava-test-shell/single-node/singlenode03.yaml,\n      repository: 'http://git.linaro.org/lava-team/lava-functional-tests.git'}\n    timeout: {minutes: 10}\ncontext: {arch: amd64}\ndevice_type: qemu\njob_name: qemu-amd64-standard-jessie\nmetadata: {path: shared/health-checks/qemu.yaml, source: 'https://git.linaro.org/lava/lava-lab.git'}\npriority: medium\ntimeouts:\n  action: {minutes: 10}\n  job: {minutes: 20}\nvisibility: public\n",
         "original_definition":"# Standard Jessie amd64 JOB definition for QEMU\ndevice_type: qemu\njob_name: qemu-amd64-standard-jessie\ntimeouts:\n  job:\n    minutes: 20\n  action:\n    minutes: 10\npriority: medium\nvisibility: public\nmetadata:\n  source: https://git.linaro.org/lava/lava-lab.git\n  path: shared/health-checks/qemu.yaml\ncontext:\n  arch: amd64\nactions:\n- deploy:\n    timeout:\n      minutes: 10\n    to: tmpfs\n    images:\n        rootfs:\n          image_arg: -drive format=raw,file={rootfs}\n          url: http://images.validation.linaro.org/kvm/standard/large-stable-6.img.gz\n          compression: gz\n    os: debian\n    root_partition: 1\n- boot:\n    method: qemu\n    timeout:\n      minutes: 3\n    media: tmpfs\n    prompts:\n    - \"root@debian:\"\n    auto_login:\n      login_prompt: \"login:\"\n      username: root\n- test:\n    timeout:\n      minutes: 10\n    definitions:\n    - repository:\n        metadata:\n          format: Lava-Test Test Definition 1.0\n          name: smoke-tests-basic\n          description: \"Basic system test command for Linaro Ubuntu images\"\n        run:\n          steps:\n          - printenv\n      from: inline\n      name: env-dut-inline\n      path: inline/env-dut.yaml\n    - repository: http://git.linaro.org/lava-team/lava-functional-tests.git\n      from: git\n      path: lava-test-shell/smoke-tests-basic.yaml\n      name: smoke-tests\n    - repository: http://git.linaro.org/lava-team/lava-functional-tests.git\n      from: git\n      path: lava-test-shell/single-node/singlenode03.yaml\n      name: singlenode-advanced \n",
         "multinode_definition":"",
         "pipeline_compatibility":4,
         "failure_comment":null,
         "viewing_groups":[

         ],
         "tags":[

         ],
         "failure_tags":[

         ]
      }
   },
   {
      "model":"lava_scheduler_app.testjob",
      "pk":2,
      "fields":{
         "sub_id":"",
         "is_public":true,
         "target_group":null,
         "submitter":2,
         "description":"lkft-ltp-filecaps-fs_bind-fs_perms_simple-fsx-linux-5.6.y-31",
         "health_check":false,
         "requested_device_type":"qemu",
         "actual_device":"qemu-01",
         "submit_time":"2020-04-30T13:38:54.548Z",
         "start_time":"2020-04-30T13:38:56.692Z",
         "end_time":"2020-04-30T13:43:02.847Z",
         "state":5,
         "health":1,
         "priority":78,
         "definition":"actions:\n- deploy:\n    images:\n      kernel: {image_arg: '-kernel {kernel} --append \"root=/dev/sda  rootwait console=ttyS0,115200\"',\n        url: 'http://snapshots.linaro.org/openembedded/lkft/lkft/sumo/intel-core2-32/lkft/linux-stable-rc-5.6/31/bzImage--5.6+git0+63c3d49741-r0-intel-core2-32-20200430003459-31.bin'}\n      rootfs: {compression: gz, image_arg: '-hda {rootfs} -m 4096 -smp 4 -nographic',\n        url: 'http://snapshots.linaro.org/openembedded/lkft/lkft/sumo/intel-core2-32/lkft/linux-stable-rc-5.6/31/rpb-console-image-lkft-intel-core2-32-20200430003459-31.rootfs.ext4.gz'}\n    namespace: target\n    os: oe\n    timeout: {minutes: 15}\n    to: tmpfs\n- boot:\n    auto_login:\n      login_commands: [su]\n      login_prompt: 'login:'\n      username: root\n    media: tmpfs\n    method: qemu\n    namespace: target\n    prompts: ['root@intel-core2-32:']\n    timeout: {minutes: 10}\n- test:\n    definitions:\n    - from: inline\n      name: prep-tmp-disk\n      path: inline/prep.yaml\n      repository:\n        metadata: {description: Link /scratch to /tmp, format: Lava-Test Test Definition\n            1.0, name: prep-tmp-disk}\n        run:\n          steps: [df -h, ln -s /tmp /scratch]\n    - from: git\n      name: ltp-filecaps-tests\n      parameters: {BOARD: qemu_i386, BRANCH: '5.6', ENVIRONMENT: production, LTP_TMPDIR: /scratch,\n        SKIPFILE: skipfile-lkft.yaml, SKIP_INSTALL: 'true', TIMEOUT_MULTIPLIER: 3,\n        TST_CMDFILES: filecaps}\n      path: automated/linux/ltp/ltp.yaml\n      repository: https://github.com/Linaro/test-definitions.git\n    - from: git\n      name: ltp-fs_bind-tests\n      parameters: {BOARD: qemu_i386, BRANCH: '5.6', ENVIRONMENT: production, LTP_TMPDIR: /scratch,\n        SKIPFILE: skipfile-lkft.yaml, SKIP_INSTALL: 'true', TIMEOUT_MULTIPLIER: 3,\n        TST_CMDFILES: fs_bind}\n      path: automated/linux/ltp/ltp.yaml\n      repository: https://github.com/Linaro/test-definitions.git\n    - from: git\n      name: ltp-fs_perms_simple-tests\n      parameters: {BOARD: qemu_i386, BRANCH: '5.6', ENVIRONMENT: production, LTP_TMPDIR: /scratch,\n        SKIPFILE: skipfile-lkft.yaml, SKIP_INSTALL: 'true', TIMEOUT_MULTIPLIER: 3,\n        TST_CMDFILES: fs_perms_simple}\n      path: automated/linux/ltp/ltp.yaml\n      repository: https://github.com/Linaro/test-definitions.git\n    - from: git\n      name: ltp-fsx-tests\n      parameters: {BOARD: qemu_i386, BRANCH: '5.6', ENVIRONMENT: production, LTP_TMPDIR: /scratch,\n        SKIPFILE: skipfile-lkft.yaml, SKIP_INSTALL: 'true', TIMEOUT_MULTIPLIER: 3,\n        TST_CMDFILES: fsx}\n      path: automated/linux/ltp/ltp.yaml\n      repository: https://github.com/Linaro/test-definitions.git\n    namespace: target\n    timeout: {minutes: 30}\ncontext: {arch: i386, guestfs_interface: virtio}\ndevice_type: qemu\njob_name: lkft-ltp-filecaps-fs_bind-fs_perms_simple-fsx-linux-5.6.y-31\nmetadata: {build-location: 'http://snapshots.linaro.org/openembedded/lkft/lkft/sumo/intel-core2-32/lkft/linux-stable-rc-5.6/31',\n  build-url: 'https://ci.linaro.org/job/openembedded-lkft-linux-stable-rc-5.6/DISTRO=lkft,MACHINE=intel-core2-32,label=docker-lkft/31/',\n  email-notification: '', git branch: linux-5.6.y, git commit: 63c3d497410788af1804579f0cded007318c5991,\n  git describe: v5.6.8, git repo: 'https://git.kernel.org/pub/scm/linux/kernel/git/stable/linux-stable-rc.git',\n  kernel-config: 'http://snapshots.linaro.org/openembedded/lkft/lkft/sumo/intel-core2-32/lkft/linux-stable-rc-5.6/31/config',\n  kernel-defconfig: 'http://snapshots.linaro.org/openembedded/lkft/lkft/sumo/intel-core2-32/lkft/linux-stable-rc-5.6/31/defconfig',\n  ltp-filecaps-tests__revision: 4079aaf264d0e9ead042b59d1c5f4e643620d0d5, ltp-filecaps-tests__url: 'git://github.com/linux-test-project/ltp.git',\n  ltp-filecaps-tests__version: '20200120', ltp-fs_bind-tests__revision: 4079aaf264d0e9ead042b59d1c5f4e643620d0d5,\n  ltp-fs_bind-tests__url: 'git://github.com/linux-test-project/ltp.git', ltp-fs_bind-tests__version: '20200120',\n  ltp-fs_perms_simple-tests__revision: 4079aaf264d0e9ead042b59d1c5f4e643620d0d5, ltp-fs_perms_simple-tests__url: 'git://github.com/linux-test-project/ltp.git',\n  ltp-fs_perms_simple-tests__version: '20200120', ltp-fsx-tests__revision: 4079aaf264d0e9ead042b59d1c5f4e643620d0d5,\n  ltp-fsx-tests__url: 'git://github.com/linux-test-project/ltp.git', ltp-fsx-tests__version: '20200120',\n  make_kernelversion: 5.6.8, series: lkft, toolchain: i686-linaro-linux 7.%}\npriority: 78\ntimeouts:\n  connection: {minutes: 2}\n  job: {minutes: 50}\nvisibility: public\n",
         "original_definition":"timeouts:\r\n  job:\r\n    minutes: 50\r\n  connection:\r\n    minutes: 2\r\ncontext:\r\n  arch: i386\r\n  guestfs_interface: virtio\r\ndevice_type: qemu\r\n\r\njob_name: lkft-ltp-filecaps-fs_bind-fs_perms_simple-fsx-linux-5.6.y-31\r\npriority: 78\r\nvisibility: public\r\nmetadata:\r\n  git branch: linux-5.6.y\r\n  git repo: https://git.kernel.org/pub/scm/linux/kernel/git/stable/linux-stable-rc.git\r\n  git commit: 63c3d497410788af1804579f0cded007318c5991\r\n  git describe: v5.6.8\r\n  make_kernelversion: 5.6.8\r\n  kernel-config: http://snapshots.linaro.org/openembedded/lkft/lkft/sumo/intel-core2-32/lkft/linux-stable-rc-5.6/31/config\r\n  kernel-defconfig: http://snapshots.linaro.org/openembedded/lkft/lkft/sumo/intel-core2-32/lkft/linux-stable-rc-5.6/31/defconfig\r\n  build-url: https://ci.linaro.org/job/openembedded-lkft-linux-stable-rc-5.6/DISTRO=lkft,MACHINE=intel-core2-32,label=docker-lkft/31/\r\n  build-location: http://snapshots.linaro.org/openembedded/lkft/lkft/sumo/intel-core2-32/lkft/linux-stable-rc-5.6/31\r\n  toolchain: i686-linaro-linux 7.%\r\n  series: lkft\r\n  email-notification: ''\r\n  ltp-filecaps-tests__url: git://github.com/linux-test-project/ltp.git\r\n  ltp-filecaps-tests__version: '20200120'\r\n  ltp-filecaps-tests__revision: 4079aaf264d0e9ead042b59d1c5f4e643620d0d5\r\n  ltp-fs_bind-tests__url: git://github.com/linux-test-project/ltp.git\r\n  ltp-fs_bind-tests__version: '20200120'\r\n  ltp-fs_bind-tests__revision: 4079aaf264d0e9ead042b59d1c5f4e643620d0d5\r\n  ltp-fs_perms_simple-tests__url: git://github.com/linux-test-project/ltp.git\r\n  ltp-fs_perms_simple-tests__version: '20200120'\r\n  ltp-fs_perms_simple-tests__revision: 4079aaf264d0e9ead042b59d1c5f4e643620d0d5\r\n  ltp-fsx-tests__url: git://github.com/linux-test-project/ltp.git\r\n  ltp-fsx-tests__version: '20200120'\r\n  ltp-fsx-tests__revision: 4079aaf264d0e9ead042b59d1c5f4e643620d0d5\r\nactions:\r\n- deploy:\r\n    namespace: target\r\n    timeout:\r\n      minutes: 15\r\n    to: tmpfs\r\n    images:\r\n      kernel:\r\n        image_arg: -kernel {kernel} --append \"root=/dev/sda  rootwait console=ttyS0,115200\"\r\n        url: http://snapshots.linaro.org/openembedded/lkft/lkft/sumo/intel-core2-32/lkft/linux-stable-rc-5.6/31/bzImage--5.6+git0+63c3d49741-r0-intel-core2-32-20200430003459-31.bin\r\n      rootfs:\r\n        image_arg: -hda {rootfs} -m 4096 -smp 4 -nographic\r\n        url: http://snapshots.linaro.org/openembedded/lkft/lkft/sumo/intel-core2-32/lkft/linux-stable-rc-5.6/31/rpb-console-image-lkft-intel-core2-32-20200430003459-31.rootfs.ext4.gz\r\n        compression: gz\r\n    os: oe\r\n- boot:\r\n    namespace: target\r\n    timeout:\r\n      minutes: 10\r\n    method: qemu\r\n    media: tmpfs\r\n    auto_login:\r\n      login_prompt: 'login:'\r\n      username: root\r\n      login_commands:\r\n      - su\r\n    prompts:\r\n    - 'root@intel-core2-32:'\r\n- test:\r\n    namespace: target\r\n    timeout:\r\n      minutes: 30\r\n    definitions:\r\n    - from: inline\r\n      repository:\r\n        metadata:\r\n          format: Lava-Test Test Definition 1.0\r\n          name: prep-tmp-disk\r\n          description: Link /scratch to /tmp\r\n        run:\r\n          steps:\r\n          - df -h\r\n          - ln -s /tmp /scratch\r\n      name: prep-tmp-disk\r\n      path: inline/prep.yaml\r\n    - repository: https://github.com/Linaro/test-definitions.git\r\n      from: git\r\n      path: automated/linux/ltp/ltp.yaml\r\n      parameters:\r\n        SKIP_INSTALL: 'true'\r\n        TST_CMDFILES: filecaps\r\n        SKIPFILE: skipfile-lkft.yaml\r\n        BOARD: qemu_i386\r\n        BRANCH: '5.6'\r\n        ENVIRONMENT: production\r\n        TIMEOUT_MULTIPLIER: 3\r\n        LTP_TMPDIR: /scratch\r\n      name: ltp-filecaps-tests\r\n    - repository: https://github.com/Linaro/test-definitions.git\r\n      from: git\r\n      path: automated/linux/ltp/ltp.yaml\r\n      parameters:\r\n        SKIP_INSTALL: 'true'\r\n        TST_CMDFILES: fs_bind\r\n        SKIPFILE: skipfile-lkft.yaml\r\n        BOARD: qemu_i386\r\n        BRANCH: '5.6'\r\n        ENVIRONMENT: production\r\n        TIMEOUT_MULTIPLIER: 3\r\n        LTP_TMPDIR: /scratch\r\n      name: ltp-fs_bind-tests\r\n    - repository: https://github.com/Linaro/test-definitions.git\r\n      from: git\r\n      path: automated/linux/ltp/ltp.yaml\r\n      parameters:\r\n        SKIP_INSTALL: 'true'\r\n        TST_CMDFILES: fs_perms_simple\r\n        SKIPFILE: skipfile-lkft.yaml\r\n        BOARD: qemu_i386\r\n        BRANCH: '5.6'\r\n        ENVIRONMENT: production\r\n        TIMEOUT_MULTIPLIER: 3\r\n        LTP_TMPDIR: /scratch\r\n      name: ltp-fs_perms_simple-tests\r\n    - repository: https://github.com/Linaro/test-definitions.git\r\n      from: git\r\n      path: automated/linux/ltp/ltp.yaml\r\n      parameters:\r\n        SKIP_INSTALL: 'true'\r\n        TST_CMDFILES: fsx\r\n        SKIPFILE: skipfile-lkft.yaml\r\n        BOARD: qemu_i386\r\n        BRANCH: '5.6'\r\n        ENVIRONMENT: production\r\n        TIMEOUT_MULTIPLIER: 3\r\n        LTP_TMPDIR: /scratch\r\n      name: ltp-fsx-tests\r\n",
         "multinode_definition":"",
         "pipeline_compatibility":4,
         "failure_comment":null,
         "viewing_groups":[

         ],
         "tags":[

         ],
         "failure_tags":[

         ]
      }
   },
   {
      "model":"lava_scheduler_app.testjob",
      "pk":3,
      "fields":{
         "sub_id":"",
         "is_public":true,
         "target_group":null,
         "submitter":2,
         "description":"lkft-ltp-filecaps-fs_bind-fs_perms_simple-fsx-linux-5.6.y-31",
         "health_check":false,
         "requested_device_type":"qemu",
         "actual_device":"qemu-01",
         "submit_time":"2020-04-30T13:49:29.790Z",
         "start_time":"2020-04-30T13:49:31.944Z",
         "end_time":"2020-04-30T13:49:39.993Z",
         "state":5,
         "health":3,
         "priority":78,
         "definition":"actions:\n- deploy:\n    images:\n      kernel: {image_arg: '-kernel {kernel} --append \"root=/dev/sda  rootwait console=ttyS0,115200\"',\n        url: 'http://snapshots.linaro.org/openembedded/lkft/lkft/sumo/intel-core2-32/lkft/linux-stable-rc-5.6/31/bzImage--5.6+git0+63c3d49741-r0-intel-core2-32-20200430003459-31.bin'}\n      rootfs: {compression: gz, image_arg: '-hda {rootfs} -m 4096 -smp 4 -nographic',\n        url: 'http://snapshots.linaro.org/openembedded/lkft/lkft/sumo/intel-core2-32/lkft/linux-stable-rc-5.6/31/rpb-console-image-lkft-intel-core2-32-20200430003459-31.rootfs.ext4.gz'}\n    namespace: target\n    os: oe\n    timeout: {minutes: 15}\n    to: tmpfs\n- boot:\n    auto_login:\n      login_commands: [su]\n      login_prompt: 'login:'\n      username: root\n    media: tmpfs\n    method: qemu\n    namespace: target\n    prompts: ['root@intel-core2-32:']\n    timeout: {minutes: 10}\n- test:\n    definitions:\n    - from: inline\n      name: prep-tmp-disk\n      path: inline/prep.yaml\n      repository:\n        metadata: {description: Link /scratch to /tmp, format: Lava-Test Test Definition\n            1.0, name: prep-tmp-disk}\n        run:\n          steps: [df -h, ln -s /tmp /scratch]\n    - from: git\n      name: ltp-filecaps-tests\n      parameters: {BOARD: qemu_i386, BRANCH: '5.6', ENVIRONMENT: production, LTP_TMPDIR: /scratch,\n        SKIPFILE: skipfile-lkft.yaml, SKIP_INSTALL: 'true', TIMEOUT_MULTIPLIER: 3,\n        TST_CMDFILES: filecaps}\n      path: automated/linux/ltp/ltp.yaml\n      repository: https://github.com/Linaro/test-definitions.git\n    - from: git\n      name: ltp-fs_bind-tests\n      parameters: {BOARD: qemu_i386, BRANCH: '5.6', ENVIRONMENT: production, LTP_TMPDIR: /scratch,\n        SKIPFILE: skipfile-lkft.yaml, SKIP_INSTALL: 'true', TIMEOUT_MULTIPLIER: 3,\n        TST_CMDFILES: fs_bind}\n      path: automated/linux/ltp/ltp.yaml\n      repository: https://github.com/Linaro/test-definitions.git\n    - from: git\n      name: ltp-fs_perms_simple-tests\n      parameters: {BOARD: qemu_i386, BRANCH: '5.6', ENVIRONMENT: production, LTP_TMPDIR: /scratch,\n        SKIPFILE: skipfile-lkft.yaml, SKIP_INSTALL: 'true', TIMEOUT_MULTIPLIER: 3,\n        TST_CMDFILES: fs_perms_simple}\n      path: automated/linux/ltp/ltp.yaml\n      repository: https://github.com/Linaro/test-definitions.git\n    - from: git\n      name: ltp-fsx-tests\n      parameters: {BOARD: qemu_i386, BRANCH: '5.6', ENVIRONMENT: production, LTP_TMPDIR: /scratch,\n        SKIPFILE: skipfile-lkft.yaml, SKIP_INSTALL: 'true', TIMEOUT_MULTIPLIER: 3,\n        TST_CMDFILES: fsx}\n      path: automated/linux/ltp/ltp.yaml\n      repository: https://github.com/Linaro/test-definitions.git\n    namespace: target\n    timeout: {minutes: 30}\ncontext: {arch: i386, guestfs_interface: virtio}\ndevice_type: qemu\njob_name: lkft-ltp-filecaps-fs_bind-fs_perms_simple-fsx-linux-5.6.y-31\nmetadata: {build-location: 'http://snapshots.linaro.org/openembedded/lkft/lkft/sumo/intel-core2-32/lkft/linux-stable-rc-5.6/31',\n  build-url: 'https://ci.linaro.org/job/openembedded-lkft-linux-stable-rc-5.6/DISTRO=lkft,MACHINE=intel-core2-32,label=docker-lkft/31/',\n  email-notification: '', git branch: linux-5.6.y, git commit: 63c3d497410788af1804579f0cded007318c5991,\n  git describe: v5.6.8, git repo: 'https://git.kernel.org/pub/scm/linux/kernel/git/stable/linux-stable-rc.git',\n  job.original: 'http://example.com/scheduler/job/2', kernel-config: 'http://snapshots.linaro.org/openembedded/lkft/lkft/sumo/intel-core2-32/lkft/linux-stable-rc-5.6/31/config',\n  kernel-defconfig: 'http://snapshots.linaro.org/openembedded/lkft/lkft/sumo/intel-core2-32/lkft/linux-stable-rc-5.6/31/defconfig',\n  ltp-filecaps-tests__revision: 4079aaf264d0e9ead042b59d1c5f4e643620d0d5, ltp-filecaps-tests__url: 'git://github.com/linux-test-project/ltp.git',\n  ltp-filecaps-tests__version: '20200120', ltp-fs_bind-tests__revision: 4079aaf264d0e9ead042b59d1c5f4e643620d0d5,\n  ltp-fs_bind-tests__url: 'git://github.com/linux-test-project/ltp.git', ltp-fs_bind-tests__version: '20200120',\n  ltp-fs_perms_simple-tests__revision: 4079aaf264d0e9ead042b59d1c5f4e643620d0d5, ltp-fs_perms_simple-tests__url: 'git://github.com/linux-test-project/ltp.git',\n  ltp-fs_perms_simple-tests__version: '20200120', ltp-fsx-tests__revision: 4079aaf264d0e9ead042b59d1c5f4e643620d0d5,\n  ltp-fsx-tests__url: 'git://github.com/linux-test-project/ltp.git', ltp-fsx-tests__version: '20200120',\n  make_kernelversion: 5.6.8, series: lkft, toolchain: i686-linaro-linux 7.%}\npriority: 78\ntimeouts:\n  connection: {minutes: 2}\n  job: {minutes: 50}\nvisibility: public\n",
         "original_definition":"timeouts:\r\n  job:\r\n    minutes: 50\r\n  connection:\r\n    minutes: 2\r\ncontext:\r\n  arch: i386\r\n  guestfs_interface: virtio\r\ndevice_type: qemu\r\n\r\njob_name: lkft-ltp-filecaps-fs_bind-fs_perms_simple-fsx-linux-5.6.y-31\r\npriority: 78\r\nvisibility: public\r\nmetadata:\r\n  git branch: linux-5.6.y\r\n  git repo: https://git.kernel.org/pub/scm/linux/kernel/git/stable/linux-stable-rc.git\r\n  git commit: 63c3d497410788af1804579f0cded007318c5991\r\n  git describe: v5.6.8\r\n  make_kernelversion: 5.6.8\r\n  kernel-config: http://snapshots.linaro.org/openembedded/lkft/lkft/sumo/intel-core2-32/lkft/linux-stable-rc-5.6/31/config\r\n  kernel-defconfig: http://snapshots.linaro.org/openembedded/lkft/lkft/sumo/intel-core2-32/lkft/linux-stable-rc-5.6/31/defconfig\r\n  build-url: https://ci.linaro.org/job/openembedded-lkft-linux-stable-rc-5.6/DISTRO=lkft,MACHINE=intel-core2-32,label=docker-lkft/31/\r\n  build-location: http://snapshots.linaro.org/openembedded/lkft/lkft/sumo/intel-core2-32/lkft/linux-stable-rc-5.6/31\r\n  toolchain: i686-linaro-linux 7.%\r\n  series: lkft\r\n  email-notification: ''\r\n  ltp-filecaps-tests__url: git://github.com/linux-test-project/ltp.git\r\n  ltp-filecaps-tests__version: '20200120'\r\n  ltp-filecaps-tests__revision: 4079aaf264d0e9ead042b59d1c5f4e643620d0d5\r\n  ltp-fs_bind-tests__url: git://github.com/linux-test-project/ltp.git\r\n  ltp-fs_bind-tests__version: '20200120'\r\n  ltp-fs_bind-tests__revision: 4079aaf264d0e9ead042b59d1c5f4e643620d0d5\r\n  ltp-fs_perms_simple-tests__url: git://github.com/linux-test-project/ltp.git\r\n  ltp-fs_perms_simple-tests__version: '20200120'\r\n  ltp-fs_perms_simple-tests__revision: 4079aaf264d0e9ead042b59d1c5f4e643620d0d5\r\n  ltp-fsx-tests__url: git://github.com/linux-test-project/ltp.git\r\n  ltp-fsx-tests__version: '20200120'\r\n  ltp-fsx-tests__revision: 4079aaf264d0e9ead042b59d1c5f4e643620d0d5\r\nactions:\r\n- deploy:\r\n    namespace: target\r\n    timeout:\r\n      minutes: 15\r\n    to: tmpfs\r\n    images:\r\n      kernel:\r\n        image_arg: -kernel {kernel} --append \"root=/dev/sda  rootwait console=ttyS0,115200\"\r\n        url: http://snapshots.linaro.org/openembedded/lkft/lkft/sumo/intel-core2-32/lkft/linux-stable-rc-5.6/31/bzImage--5.6+git0+63c3d49741-r0-intel-core2-32-20200430003459-31.bin\r\n      rootfs:\r\n        image_arg: -hda {rootfs} -m 4096 -smp 4 -nographic\r\n        url: http://snapshots.linaro.org/openembedded/lkft/lkft/sumo/intel-core2-32/lkft/linux-stable-rc-5.6/31/rpb-console-image-lkft-intel-core2-32-20200430003459-31.rootfs.ext4.gz\r\n        compression: gz\r\n    os: oe\r\n- boot:\r\n    namespace: target\r\n    timeout:\r\n      minutes: 10\r\n    method: qemu\r\n    media: tmpfs\r\n    auto_login:\r\n      login_prompt: 'login:'\r\n      username: root\r\n      login_commands:\r\n      - su\r\n    prompts:\r\n    - 'root@intel-core2-32:'\r\n- test:\r\n    namespace: target\r\n    timeout:\r\n      minutes: 30\r\n    definitions:\r\n    - from: inline\r\n      repository:\r\n        metadata:\r\n          format: Lava-Test Test Definition 1.0\r\n          name: prep-tmp-disk\r\n          description: Link /scratch to /tmp\r\n        run:\r\n          steps:\r\n          - df -h\r\n          - ln -s /tmp /scratch\r\n      name: prep-tmp-disk\r\n      path: inline/prep.yaml\r\n    - repository: https://github.com/Linaro/test-definitions.git\r\n      from: git\r\n      path: automated/linux/ltp/ltp.yaml\r\n      parameters:\r\n        SKIP_INSTALL: 'true'\r\n        TST_CMDFILES: filecaps\r\n        SKIPFILE: skipfile-lkft.yaml\r\n        BOARD: qemu_i386\r\n        BRANCH: '5.6'\r\n        ENVIRONMENT: production\r\n        TIMEOUT_MULTIPLIER: 3\r\n        LTP_TMPDIR: /scratch\r\n      name: ltp-filecaps-tests\r\n    - repository: https://github.com/Linaro/test-definitions.git\r\n      from: git\r\n      path: automated/linux/ltp/ltp.yaml\r\n      parameters:\r\n        SKIP_INSTALL: 'true'\r\n        TST_CMDFILES: fs_bind\r\n        SKIPFILE: skipfile-lkft.yaml\r\n        BOARD: qemu_i386\r\n        BRANCH: '5.6'\r\n        ENVIRONMENT: production\r\n        TIMEOUT_MULTIPLIER: 3\r\n        LTP_TMPDIR: /scratch\r\n      name: ltp-fs_bind-tests\r\n    - repository: https://github.com/Linaro/test-definitions.git\r\n      from: git\r\n      path: automated/linux/ltp/ltp.yaml\r\n      parameters:\r\n        SKIP_INSTALL: 'true'\r\n        TST_CMDFILES: fs_perms_simple\r\n        SKIPFILE: skipfile-lkft.yaml\r\n        BOARD: qemu_i386\r\n        BRANCH: '5.6'\r\n        ENVIRONMENT: production\r\n        TIMEOUT_MULTIPLIER: 3\r\n        LTP_TMPDIR: /scratch\r\n      name: ltp-fs_perms_simple-tests\r\n    - repository: https://github.com/Linaro/test-definitions.git\r\n      from: git\r\n      path: automated/linux/ltp/ltp.yaml\r\n      parameters:\r\n        SKIP_INSTALL: 'true'\r\n        TST_CMDFILES: fsx\r\n        SKIPFILE: skipfile-lkft.yaml\r\n        BOARD: qemu_i386\r\n        BRANCH: '5.6'\r\n        ENVIRONMENT: production\r\n        TIMEOUT_MULTIPLIER: 3\r\n        LTP_TMPDIR: /scratch\r\n      name: ltp-fsx-tests\r\n",
         "multinode_definition":"",
         "pipeline_compatibility":4,
         "failure_comment":null,
         "viewing_groups":[

         ],
         "tags":[

         ],
         "failure_tags":[

         ]
      }
   },
   {
      "model":"lava_scheduler_app.testjob",
      "pk":4,
      "fields":{
         "sub_id":"",
         "is_public":true,
         "target_group":null,
         "submitter":2,
         "description":"lkft-ltp-filecaps-fs_bind-fs_perms_simple-fsx-linux-5.6.y-31",
         "health_check":false,
         "requested_device_type":"qemu",
         "actual_device":null,
         "submit_time":"2020-04-30T13:50:30.874Z",
         "start_time":"2020-04-30T13:53:57.431Z",
         "end_time":"2020-04-30T13:53:57.431Z",
         "state":5,
         "health":3,
         "priority":78,
         "definition":"actions:\n- deploy:\n    images:\n      kernel: {image_arg: '-kernel {kernel} --append \"root=/dev/sda  rootwait console=ttyS0,115200\"',\n        url: 'http://snapshots.linaro.org/openembedded/lkft/lkft/sumo/intel-core2-32/lkft/linux-stable-rc-5.6/31/bzImage--5.6+git0+63c3d49741-r0-intel-core2-32-20200430003459-31.bin'}\n      rootfs: {compression: gz, image_arg: '-hda {rootfs} -m 4096 -smp 4 -nographic',\n        url: 'http://snapshots.linaro.org/openembedded/lkft/lkft/sumo/intel-core2-32/lkft/linux-stable-rc-5.6/31/rpb-console-image-lkft-intel-core2-32-20200430003459-31.rootfs.ext4.gz'}\n    namespace: target\n    os: oe\n    timeout: {minutes: 15}\n    to: tmpfs\n- boot:\n    auto_login:\n      login_commands: [su]\n      login_prompt: 'login:'\n      username: root\n    media: tmpfs\n    method: qemu\n    namespace: target\n    prompts: ['root@intel-core2-32:']\n    timeout: {minutes: 10}\n- test:\n    definitions:\n    - from: inline\n      name: prep-tmp-disk\n      path: inline/prep.yaml\n      repository:\n        metadata: {description: Link /scratch to /tmp, format: Lava-Test Test Definition\n            1.0, name: prep-tmp-disk}\n        run:\n          steps: [df -h, ln -s /tmp /scratch]\n    - from: git\n      name: ltp-filecaps-tests\n      parameters: {BOARD: qemu_i386, BRANCH: '5.6', ENVIRONMENT: production, LTP_TMPDIR: /scratch,\n        SKIPFILE: skipfile-lkft.yaml, SKIP_INSTALL: 'true', TIMEOUT_MULTIPLIER: 3,\n        TST_CMDFILES: filecaps}\n      path: automated/linux/ltp/ltp.yaml\n      repository: https://github.com/Linaro/test-definitions.git\n    - from: git\n      name: ltp-fs_bind-tests\n      parameters: {BOARD: qemu_i386, BRANCH: '5.6', ENVIRONMENT: production, LTP_TMPDIR: /scratch,\n        SKIPFILE: skipfile-lkft.yaml, SKIP_INSTALL: 'true', TIMEOUT_MULTIPLIER: 3,\n        TST_CMDFILES: fs_bind}\n      path: automated/linux/ltp/ltp.yaml\n      repository: https://github.com/Linaro/test-definitions.git\n    - from: git\n      name: ltp-fs_perms_simple-tests\n      parameters: {BOARD: qemu_i386, BRANCH: '5.6', ENVIRONMENT: production, LTP_TMPDIR: /scratch,\n        SKIPFILE: skipfile-lkft.yaml, SKIP_INSTALL: 'true', TIMEOUT_MULTIPLIER: 3,\n        TST_CMDFILES: fs_perms_simple}\n      path: automated/linux/ltp/ltp.yaml\n      repository: https://github.com/Linaro/test-definitions.git\n    - from: git\n      name: ltp-fsx-tests\n      parameters: {BOARD: qemu_i386, BRANCH: '5.6', ENVIRONMENT: production, LTP_TMPDIR: /scratch,\n        SKIPFILE: skipfile-lkft.yaml, SKIP_INSTALL: 'true', TIMEOUT_MULTIPLIER: 3,\n        TST_CMDFILES: fsx}\n      path: automated/linux/ltp/ltp.yaml\n      repository: https://github.com/Linaro/test-definitions.git\n    namespace: target\n    timeout: {minutes: 30}\ncontext: {arch: i386, guestfs_interface: virtio}\ndevice_type: qemu\njob_name: lkft-ltp-filecaps-fs_bind-fs_perms_simple-fsx-linux-5.6.y-31\nmetadata: {build-location: 'http://snapshots.linaro.org/openembedded/lkft/lkft/sumo/intel-core2-32/lkft/linux-stable-rc-5.6/31',\n  build-url: 'https://ci.linaro.org/job/openembedded-lkft-linux-stable-rc-5.6/DISTRO=lkft,MACHINE=intel-core2-32,label=docker-lkft/31/',\n  email-notification: '', git branch: linux-5.6.y, git commit: 63c3d497410788af1804579f0cded007318c5991,\n  git describe: v5.6.8, git repo: 'https://git.kernel.org/pub/scm/linux/kernel/git/stable/linux-stable-rc.git',\n  job.original: 'http://example.com/scheduler/job/3', kernel-config: 'http://snapshots.linaro.org/openembedded/lkft/lkft/sumo/intel-core2-32/lkft/linux-stable-rc-5.6/31/config',\n  kernel-defconfig: 'http://snapshots.linaro.org/openembedded/lkft/lkft/sumo/intel-core2-32/lkft/linux-stable-rc-5.6/31/defconfig',\n  ltp-filecaps-tests__revision: 4079aaf264d0e9ead042b59d1c5f4e643620d0d5, ltp-filecaps-tests__url: 'git://github.com/linux-test-project/ltp.git',\n  ltp-filecaps-tests__version: '20200120', ltp-fs_bind-tests__revision: 4079aaf264d0e9ead042b59d1c5f4e643620d0d5,\n  ltp-fs_bind-tests__url: 'git://github.com/linux-test-project/ltp.git', ltp-fs_bind-tests__version: '20200120',\n  ltp-fs_perms_simple-tests__revision: 4079aaf264d0e9ead042b59d1c5f4e643620d0d5, ltp-fs_perms_simple-tests__url: 'git://github.com/linux-test-project/ltp.git',\n  ltp-fs_perms_simple-tests__version: '20200120', ltp-fsx-tests__revision: 4079aaf264d0e9ead042b59d1c5f4e643620d0d5,\n  ltp-fsx-tests__url: 'git://github.com/linux-test-project/ltp.git', ltp-fsx-tests__version: '20200120',\n  make_kernelversion: 5.6.8, series: lkft, toolchain: i686-linaro-linux 7.%}\npriority: 78\ntimeouts:\n  connection: {minutes: 2}\n  job: {minutes: 50}\nvisibility: public\n",
         "original_definition":"timeouts:\r\n  job:\r\n    minutes: 50\r\n  connection:\r\n    minutes: 2\r\ncontext:\r\n  arch: i386\r\n  guestfs_interface: virtio\r\ndevice_type: qemu\r\n\r\njob_name: lkft-ltp-filecaps-fs_bind-fs_perms_simple-fsx-linux-5.6.y-31\r\npriority: 78\r\nvisibility: public\r\nmetadata:\r\n  git branch: linux-5.6.y\r\n  git repo: https://git.kernel.org/pub/scm/linux/kernel/git/stable/linux-stable-rc.git\r\n  git commit: 63c3d497410788af1804579f0cded007318c5991\r\n  git describe: v5.6.8\r\n  make_kernelversion: 5.6.8\r\n  kernel-config: http://snapshots.linaro.org/openembedded/lkft/lkft/sumo/intel-core2-32/lkft/linux-stable-rc-5.6/31/config\r\n  kernel-defconfig: http://snapshots.linaro.org/openembedded/lkft/lkft/sumo/intel-core2-32/lkft/linux-stable-rc-5.6/31/defconfig\r\n  build-url: https://ci.linaro.org/job/openembedded-lkft-linux-stable-rc-5.6/DISTRO=lkft,MACHINE=intel-core2-32,label=docker-lkft/31/\r\n  build-location: http://snapshots.linaro.org/openembedded/lkft/lkft/sumo/intel-core2-32/lkft/linux-stable-rc-5.6/31\r\n  toolchain: i686-linaro-linux 7.%\r\n  series: lkft\r\n  email-notification: ''\r\n  ltp-filecaps-tests__url: git://github.com/linux-test-project/ltp.git\r\n  ltp-filecaps-tests__version: '20200120'\r\n  ltp-filecaps-tests__revision: 4079aaf264d0e9ead042b59d1c5f4e643620d0d5\r\n  ltp-fs_bind-tests__url: git://github.com/linux-test-project/ltp.git\r\n  ltp-fs_bind-tests__version: '20200120'\r\n  ltp-fs_bind-tests__revision: 4079aaf264d0e9ead042b59d1c5f4e643620d0d5\r\n  ltp-fs_perms_simple-tests__url: git://github.com/linux-test-project/ltp.git\r\n  ltp-fs_perms_simple-tests__version: '20200120'\r\n  ltp-fs_perms_simple-tests__revision: 4079aaf264d0e9ead042b59d1c5f4e643620d0d5\r\n  ltp-fsx-tests__url: git://github.com/linux-test-project/ltp.git\r\n  ltp-fsx-tests__version: '20200120'\r\n  ltp-fsx-tests__revision: 4079aaf264d0e9ead042b59d1c5f4e643620d0d5\r\nactions:\r\n- deploy:\r\n    namespace: target\r\n    timeout:\r\n      minutes: 15\r\n    to: tmpfs\r\n    images:\r\n      kernel:\r\n        image_arg: -kernel {kernel} --append \"root=/dev/sda  rootwait console=ttyS0,115200\"\r\n        url: http://snapshots.linaro.org/openembedded/lkft/lkft/sumo/intel-core2-32/lkft/linux-stable-rc-5.6/31/bzImage--5.6+git0+63c3d49741-r0-intel-core2-32-20200430003459-31.bin\r\n      rootfs:\r\n        image_arg: -hda {rootfs} -m 4096 -smp 4 -nographic\r\n        url: http://snapshots.linaro.org/openembedded/lkft/lkft/sumo/intel-core2-32/lkft/linux-stable-rc-5.6/31/rpb-console-image-lkft-intel-core2-32-20200430003459-31.rootfs.ext4.gz\r\n        compression: gz\r\n    os: oe\r\n- boot:\r\n    namespace: target\r\n    timeout:\r\n      minutes: 10\r\n    method: qemu\r\n    media: tmpfs\r\n    auto_login:\r\n      login_prompt: 'login:'\r\n      username: root\r\n      login_commands:\r\n      - su\r\n    prompts:\r\n    - 'root@intel-core2-32:'\r\n- test:\r\n    namespace: target\r\n    timeout:\r\n      minutes: 30\r\n    definitions:\r\n    - from: inline\r\n      repository:\r\n        metadata:\r\n          format: Lava-Test Test Definition 1.0\r\n          name: prep-tmp-disk\r\n          description: Link /scratch to /tmp\r\n        run:\r\n          steps:\r\n          - df -h\r\n          - ln -s /tmp /scratch\r\n      name: prep-tmp-disk\r\n      path: inline/prep.yaml\r\n    - repository: https://github.com/Linaro/test-definitions.git\r\n      from: git\r\n      path: automated/linux/ltp/ltp.yaml\r\n      parameters:\r\n        SKIP_INSTALL: 'true'\r\n        TST_CMDFILES: filecaps\r\n        SKIPFILE: skipfile-lkft.yaml\r\n        BOARD: qemu_i386\r\n        BRANCH: '5.6'\r\n        ENVIRONMENT: production\r\n        TIMEOUT_MULTIPLIER: 3\r\n        LTP_TMPDIR: /scratch\r\n      name: ltp-filecaps-tests\r\n    - repository: https://github.com/Linaro/test-definitions.git\r\n      from: git\r\n      path: automated/linux/ltp/ltp.yaml\r\n      parameters:\r\n        SKIP_INSTALL: 'true'\r\n        TST_CMDFILES: fs_bind\r\n        SKIPFILE: skipfile-lkft.yaml\r\n        BOARD: qemu_i386\r\n        BRANCH: '5.6'\r\n        ENVIRONMENT: production\r\n        TIMEOUT_MULTIPLIER: 3\r\n        LTP_TMPDIR: /scratch\r\n      name: ltp-fs_bind-tests\r\n    - repository: https://github.com/Linaro/test-definitions.git\r\n      from: git\r\n      path: automated/linux/ltp/ltp.yaml\r\n      parameters:\r\n        SKIP_INSTALL: 'true'\r\n        TST_CMDFILES: fs_perms_simple\r\n        SKIPFILE: skipfile-lkft.yaml\r\n        BOARD: qemu_i386\r\n        BRANCH: '5.6'\r\n        ENVIRONMENT: production\r\n        TIMEOUT_MULTIPLIER: 3\r\n        LTP_TMPDIR: /scratch\r\n      name: ltp-fs_perms_simple-tests\r\n    - repository: https://github.com/Linaro/test-definitions.git\r\n      from: git\r\n      path: automated/linux/ltp/ltp.yaml\r\n      parameters:\r\n        SKIP_INSTALL: 'true'\r\n        TST_CMDFILES: fsx\r\n        SKIPFILE: skipfile-lkft.yaml\r\n        BOARD: qemu_i386\r\n        BRANCH: '5.6'\r\n        ENVIRONMENT: production\r\n        TIMEOUT_MULTIPLIER: 3\r\n        LTP_TMPDIR: /scratch\r\n      name: ltp-fsx-tests\r\n",
         "multinode_definition":"",
         "pipeline_compatibility":0,
         "failure_comment":null,
         "viewing_groups":[

         ],
         "tags":[

         ],
         "failure_tags":[

         ]
      }
   },
   {
      "model":"lava_results_app.testsuite",
      "pk":1,
      "fields":{
         "job":1,
         "name":"lava"
      }
   },
   {
      "model":"lava_results_app.testsuite",
      "pk":2,
      "fields":{
         "job":1,
         "name":"1_smoke-tests"
      }
   },
   {
      "model":"lava_results_app.testsuite",
      "pk":3,
      "fields":{
         "job":1,
         "name":"2_singlenode-advanced"
      }
   },
   {
      "model":"lava_results_app.testsuite",
      "pk":4,
      "fields":{
         "job":2,
         "name":"lava"
      }
   },
   {
      "model":"lava_results_app.testsuite",
      "pk":5,
      "fields":{
         "job":2,
         "name":"1_ltp-filecaps-tests"
      }
   },
   {
      "model":"lava_results_app.testsuite",
      "pk":6,
      "fields":{
         "job":2,
         "name":"2_ltp-fs_bind-tests"
      }
   },
   {
      "model":"lava_results_app.testsuite",
      "pk":7,
      "fields":{
         "job":2,
         "name":"3_ltp-fs_perms_simple-tests"
      }
   },
   {
      "model":"lava_results_app.testsuite",
      "pk":8,
      "fields":{
         "job":2,
         "name":"4_ltp-fsx-tests"
      }
   },
   {
      "model":"lava_results_app.testsuite",
      "pk":9,
      "fields":{
         "job":3,
         "name":"lava"
      }
   },
   {
      "model":"lava_results_app.testcase",
      "pk":1,
      "fields":{
         "name":"validate",
         "units":"",
         "result":0,
         "measurement":null,
         "metadata":"{case: validate, definition: lava, result: pass}\n",
         "suite":1,
         "start_log_line":null,
         "end_log_line":null,
         "test_set":null,
         "logged":"2020-04-30T13:32:35.073Z"
      }
   },
   {
      "model":"lava_results_app.testcase",
      "pk":2,
      "fields":{
         "name":"http-download",
         "units":"seconds",
         "result":0,
         "measurement":"38.2100000000",
         "metadata":"{case: http-download, definition: lava, duration: '38.21', extra: /var/lib/lava-server/default/media/job-output/2020/04/30/1/metadata/lava-http-download-1.1.1.yaml,\n  level: 1.1.1, namespace: common, result: pass}\n",
         "suite":1,
         "start_log_line":null,
         "end_log_line":null,
         "test_set":null,
         "logged":"2020-04-30T13:33:18.817Z"
      }
   },
   {
      "model":"lava_results_app.testcase",
      "pk":3,
      "fields":{
         "name":"test-overlay",
         "units":"seconds",
         "result":0,
         "measurement":"0E-10",
         "metadata":"{case: test-overlay, definition: lava, duration: '0.00', extra: /var/lib/lava-server/default/media/job-output/2020/04/30/1/metadata/lava-test-overlay-1.2.3.2.yaml,\n  level: 1.2.3.2, namespace: common, result: pass}\n",
         "suite":1,
         "start_log_line":null,
         "end_log_line":null,
         "test_set":null,
         "logged":"2020-04-30T13:33:18.817Z"
      }
   },
   {
      "model":"lava_results_app.testcase",
      "pk":4,
      "fields":{
         "name":"test-install-overlay",
         "units":"seconds",
         "result":0,
         "measurement":"0E-10",
         "metadata":"{case: test-install-overlay, definition: lava, duration: '0.00', extra: /var/lib/lava-server/default/media/job-output/2020/04/30/1/metadata/lava-test-install-overlay-1.2.3.3.yaml,\n  level: 1.2.3.3, namespace: common, result: pass}\n",
         "suite":1,
         "start_log_line":null,
         "end_log_line":null,
         "test_set":null,
         "logged":"2020-04-30T13:33:18.817Z"
      }
   },
   {
      "model":"lava_results_app.testcase",
      "pk":5,
      "fields":{
         "name":"test-runscript-overlay",
         "units":"seconds",
         "result":0,
         "measurement":"0E-10",
         "metadata":"{case: test-runscript-overlay, definition: lava, duration: '0.00', extra: /var/lib/lava-server/default/media/job-output/2020/04/30/1/metadata/lava-test-runscript-overlay-1.2.3.4.yaml,\n  level: 1.2.3.4, namespace: common, result: pass}\n",
         "suite":1,
         "start_log_line":null,
         "end_log_line":null,
         "test_set":null,
         "logged":"2020-04-30T13:33:18.817Z"
      }
   },
   {
      "model":"lava_results_app.testcase",
      "pk":6,
      "fields":{
         "name":"git-repo-action",
         "units":"seconds",
         "result":0,
         "measurement":"0.3100000000",
         "metadata":"{case: git-repo-action, definition: lava, duration: '0.31', extra: /var/lib/lava-server/default/media/job-output/2020/04/30/1/metadata/lava-git-repo-action-1.2.3.5.yaml,\n  level: 1.2.3.5, namespace: common, result: pass}\n",
         "suite":1,
         "start_log_line":null,
         "end_log_line":null,
         "test_set":null,
         "logged":"2020-04-30T13:33:18.818Z"
      }
   },
   {
      "model":"lava_results_app.testcase",
      "pk":7,
      "fields":{
         "name":"test-overlay",
         "units":"seconds",
         "result":0,
         "measurement":"0E-10",
         "metadata":"{case: test-overlay, definition: lava, duration: '0.00', extra: /var/lib/lava-server/default/media/job-output/2020/04/30/1/metadata/lava-test-overlay-1.2.3.6.yaml,\n  level: 1.2.3.6, namespace: common, result: pass}\n",
         "suite":1,
         "start_log_line":null,
         "end_log_line":null,
         "test_set":null,
         "logged":"2020-04-30T13:33:18.818Z"
      }
   },
   {
      "model":"lava_results_app.testcase",
      "pk":8,
      "fields":{
         "name":"test-install-overlay",
         "units":"seconds",
         "result":0,
         "measurement":"0E-10",
         "metadata":"{case: test-install-overlay, definition: lava, duration: '0.00', extra: /var/lib/lava-server/default/media/job-output/2020/04/30/1/metadata/lava-test-install-overlay-1.2.3.7.yaml,\n  level: 1.2.3.7, namespace: common, result: pass}\n",
         "suite":1,
         "start_log_line":null,
         "end_log_line":null,
         "test_set":null,
         "logged":"2020-04-30T13:33:18.818Z"
      }
   },
   {
      "model":"lava_results_app.testcase",
      "pk":9,
      "fields":{
         "name":"test-runscript-overlay",
         "units":"seconds",
         "result":0,
         "measurement":"0E-10",
         "metadata":"{case: test-runscript-overlay, definition: lava, duration: '0.00', extra: /var/lib/lava-server/default/media/job-output/2020/04/30/1/metadata/lava-test-runscript-overlay-1.2.3.8.yaml,\n  level: 1.2.3.8, namespace: common, result: pass}\n",
         "suite":1,
         "start_log_line":null,
         "end_log_line":null,
         "test_set":null,
         "logged":"2020-04-30T13:33:18.818Z"
      }
   },
   {
      "model":"lava_results_app.testcase",
      "pk":10,
      "fields":{
         "name":"git-repo-action",
         "units":"seconds",
         "result":0,
         "measurement":"0.4100000000",
         "metadata":"{case: git-repo-action, definition: lava, duration: '0.41', extra: /var/lib/lava-server/default/media/job-output/2020/04/30/1/metadata/lava-git-repo-action-1.2.3.9.yaml,\n  level: 1.2.3.9, namespace: common, result: pass}\n",
         "suite":1,
         "start_log_line":null,
         "end_log_line":null,
         "test_set":null,
         "logged":"2020-04-30T13:33:18.818Z"
      }
   },
   {
      "model":"lava_results_app.testcase",
      "pk":11,
      "fields":{
         "name":"test-overlay",
         "units":"seconds",
         "result":0,
         "measurement":"0E-10",
         "metadata":"{case: test-overlay, definition: lava, duration: '0.00', extra: /var/lib/lava-server/default/media/job-output/2020/04/30/1/metadata/lava-test-overlay-1.2.3.10.yaml,\n  level: 1.2.3.10, namespace: common, result: pass}\n",
         "suite":1,
         "start_log_line":null,
         "end_log_line":null,
         "test_set":null,
         "logged":"2020-04-30T13:33:18.818Z"
      }
   },
   {
      "model":"lava_results_app.testcase",
      "pk":12,
      "fields":{
         "name":"test-install-overlay",
         "units":"seconds",
         "result":0,
         "measurement":"0E-10",
         "metadata":"{case: test-install-overlay, definition: lava, duration: '0.00', extra: /var/lib/lava-server/default/media/job-output/2020/04/30/1/metadata/lava-test-install-overlay-1.2.3.11.yaml,\n  level: 1.2.3.11, namespace: common, result: pass}\n",
         "suite":1,
         "start_log_line":null,
         "end_log_line":null,
         "test_set":null,
         "logged":"2020-04-30T13:33:18.819Z"
      }
   },
   {
      "model":"lava_results_app.testcase",
      "pk":13,
      "fields":{
         "name":"test-runscript-overlay",
         "units":"seconds",
         "result":0,
         "measurement":"0.0100000000",
         "metadata":"{case: test-runscript-overlay, definition: lava, duration: '0.01', extra: /var/lib/lava-server/default/media/job-output/2020/04/30/1/metadata/lava-test-runscript-overlay-1.2.3.12.yaml,\n  level: 1.2.3.12, namespace: common, result: pass}\n",
         "suite":1,
         "start_log_line":null,
         "end_log_line":null,
         "test_set":null,
         "logged":"2020-04-30T13:33:18.819Z"
      }
   },
   {
      "model":"lava_results_app.testcase",
      "pk":14,
      "fields":{
         "name":"apply-overlay-guest",
         "units":"seconds",
         "result":0,
         "measurement":"13.2800000000",
         "metadata":"{case: apply-overlay-guest, definition: lava, duration: '13.28', extra: /var/lib/lava-server/default/media/job-output/2020/04/30/1/metadata/lava-apply-overlay-guest-1.3.yaml,\n  level: '1.3', namespace: common, result: pass}\n",
         "suite":1,
         "start_log_line":null,
         "end_log_line":null,
         "test_set":null,
         "logged":"2020-04-30T13:33:29.057Z"
      }
   },
   {
      "model":"lava_results_app.testcase",
      "pk":15,
      "fields":{
         "name":"execute-qemu",
         "units":"seconds",
         "result":0,
         "measurement":"0.4400000000",
         "metadata":"{case: execute-qemu, definition: lava, duration: '0.44', extra: /var/lib/lava-server/default/media/job-output/2020/04/30/1/metadata/lava-execute-qemu-2.1.1.yaml,\n  level: 2.1.1, namespace: common, result: pass}\n",
         "suite":1,
         "start_log_line":null,
         "end_log_line":null,
         "test_set":null,
         "logged":"2020-04-30T13:33:29.057Z"
      }
   },
   {
      "model":"lava_results_app.testcase",
      "pk":16,
      "fields":{
         "name":"kernel-messages",
         "units":"seconds",
         "result":0,
         "measurement":"63.4100000000",
         "metadata":"{case: kernel-messages, definition: lava, duration: '63.41', extra: /var/lib/lava-server/default/media/job-output/2020/04/30/1/metadata/lava-kernel-messages-2.2.yaml,\n  level: '2.2', namespace: common, result: pass}\n",
         "suite":1,
         "start_log_line":null,
         "end_log_line":null,
         "test_set":null,
         "logged":"2020-04-30T13:34:38.837Z"
      }
   },
   {
      "model":"lava_results_app.testcase",
      "pk":17,
      "fields":{
         "name":"auto-login-action",
         "units":"seconds",
         "result":0,
         "measurement":"70.7700000000",
         "metadata":"{case: auto-login-action, definition: lava, duration: '70.77', extra: /var/lib/lava-server/default/media/job-output/2020/04/30/1/metadata/lava-auto-login-action-2.2.yaml,\n  level: '2.2', namespace: common, result: pass}\n",
         "suite":1,
         "start_log_line":null,
         "end_log_line":null,
         "test_set":null,
         "logged":"2020-04-30T13:34:38.837Z"
      }
   },
   {
      "model":"lava_results_app.testcase",
      "pk":18,
      "fields":{
         "name":"0_env-dut-inline",
         "units":"seconds",
         "result":0,
         "measurement":"0.0100000000",
         "metadata":"case: 0_env-dut-inline\ndefinition: lava\nduration: '0.01'\nnamespace: common\npath: inline/env-dut.yaml\nrepository:\n  metadata: {description: Basic system test command for Linaro Ubuntu images, format: Lava-Test\n      Test Definition 1.0, name: smoke-tests-basic}\n  run:\n    steps: [printenv]\nresult: pass\nrevision: unspecified\nuuid: 1_1.2.3.1\n",
         "suite":1,
         "start_log_line":null,
         "end_log_line":null,
         "test_set":null,
         "logged":"2020-04-30T13:34:38.837Z"
      }
   },
   {
      "model":"lava_results_app.testcase",
      "pk":19,
      "fields":{
         "name":"linux-posix-pwd",
         "units":"",
         "result":0,
         "measurement":null,
         "metadata":"{case: linux-posix-pwd, definition: 1_smoke-tests, result: pass}\n",
         "suite":2,
         "start_log_line":808,
         "end_log_line":811,
         "test_set":null,
         "logged":"2020-04-30T13:34:38.837Z"
      }
   },
   {
      "model":"lava_results_app.testcase",
      "pk":20,
      "fields":{
         "name":"linux-posix-uname",
         "units":"",
         "result":0,
         "measurement":null,
         "metadata":"{case: linux-posix-uname, definition: 1_smoke-tests, result: pass}\n",
         "suite":2,
         "start_log_line":817,
         "end_log_line":819,
         "test_set":null,
         "logged":"2020-04-30T13:34:38.837Z"
      }
   },
   {
      "model":"lava_results_app.testcase",
      "pk":21,
      "fields":{
         "name":"linux-posix-vmstat",
         "units":"",
         "result":0,
         "measurement":null,
         "metadata":"{case: linux-posix-vmstat, definition: 1_smoke-tests, result: pass}\n",
         "suite":2,
         "start_log_line":826,
         "end_log_line":831,
         "test_set":null,
         "logged":"2020-04-30T13:34:38.837Z"
      }
   },
   {
      "model":"lava_results_app.testcase",
      "pk":22,
      "fields":{
         "name":"linux-posix-ifconfig",
         "units":"",
         "result":0,
         "measurement":null,
         "metadata":"{case: linux-posix-ifconfig, definition: 1_smoke-tests, result: pass}\n",
         "suite":2,
         "start_log_line":837,
         "end_log_line":856,
         "test_set":null,
         "logged":"2020-04-30T13:34:38.837Z"
      }
   },
   {
      "model":"lava_results_app.testcase",
      "pk":23,
      "fields":{
         "name":"linux-posix-lscpu",
         "units":"",
         "result":0,
         "measurement":null,
         "metadata":"{case: linux-posix-lscpu, definition: 1_smoke-tests, result: pass}\n",
         "suite":2,
         "start_log_line":862,
         "end_log_line":887,
         "test_set":null,
         "logged":"2020-04-30T13:34:38.837Z"
      }
   },
   {
      "model":"lava_results_app.testcase",
      "pk":24,
      "fields":{
         "name":"linux-posix-lsb_release",
         "units":"",
         "result":1,
         "measurement":null,
         "metadata":"{case: linux-posix-lsb_release, definition: 1_smoke-tests, result: fail}\n",
         "suite":2,
         "start_log_line":894,
         "end_log_line":897,
         "test_set":null,
         "logged":"2020-04-30T13:34:38.837Z"
      }
   },
   {
      "model":"lava_results_app.testcase",
      "pk":25,
      "fields":{
         "name":"1_smoke-tests",
         "units":"seconds",
         "result":0,
         "measurement":"0.0600000000",
         "metadata":"{case: 1_smoke-tests, commit_id: bd52f8443f789f30e0339562607128882e287e63, definition: lava,\n  duration: '0.06', namespace: common, path: lava-test-shell/smoke-tests-basic.yaml,\n  repository: 'http://git.linaro.org/lava-team/lava-functional-tests.git', result: pass,\n  revision: unspecified, uuid: 1_1.2.3.5}\n",
         "suite":1,
         "start_log_line":null,
         "end_log_line":null,
         "test_set":null,
         "logged":"2020-04-30T13:34:38.837Z"
      }
   },
   {
      "model":"lava_results_app.testcase",
      "pk":26,
      "fields":{
         "name":"install-base",
         "units":"",
         "result":1,
         "measurement":null,
         "metadata":"{case: install-base, definition: 2_singlenode-advanced, result: fail}\n",
         "suite":3,
         "start_log_line":931,
         "end_log_line":1084,
         "test_set":null,
         "logged":"2020-04-30T13:34:38.837Z"
      }
   },
   {
      "model":"lava_results_app.testcase",
      "pk":27,
      "fields":{
         "name":"linux-linaro-ubuntu-netstat",
         "units":"",
         "result":0,
         "measurement":null,
         "metadata":"{case: linux-linaro-ubuntu-netstat, definition: 2_singlenode-advanced, result: pass}\n",
         "suite":3,
         "start_log_line":1090,
         "end_log_line":1118,
         "test_set":null,
         "logged":"2020-04-30T13:34:38.837Z"
      }
   },
   {
      "model":"lava_results_app.testcase",
      "pk":28,
      "fields":{
         "name":"linux-linaro-ubuntu-ifconfig-dump",
         "units":"",
         "result":0,
         "measurement":null,
         "metadata":"{case: linux-linaro-ubuntu-ifconfig-dump, definition: 2_singlenode-advanced, result: pass}\n",
         "suite":3,
         "start_log_line":1125,
         "end_log_line":1143,
         "test_set":null,
         "logged":"2020-04-30T13:34:38.837Z"
      }
   },
   {
      "model":"lava_results_app.testcase",
      "pk":29,
      "fields":{
         "name":"linux-linaro-ubuntu-route-dump-a",
         "units":"",
         "result":1,
         "measurement":null,
         "metadata":"{case: linux-linaro-ubuntu-route-dump-a, definition: 2_singlenode-advanced, result: fail}\n",
         "suite":3,
         "start_log_line":1150,
         "end_log_line":1154,
         "test_set":null,
         "logged":"2020-04-30T13:34:38.837Z"
      }
   },
   {
      "model":"lava_results_app.testcase",
      "pk":30,
      "fields":{
         "name":"linux-linaro-ubuntu-route-ifconfig-up-lo",
         "units":"",
         "result":0,
         "measurement":null,
         "metadata":"{case: linux-linaro-ubuntu-route-ifconfig-up-lo, definition: 2_singlenode-advanced,\n  result: pass}\n",
         "suite":3,
         "start_log_line":1160,
         "end_log_line":1162,
         "test_set":null,
         "logged":"2020-04-30T13:34:38.837Z"
      }
   },
   {
      "model":"lava_results_app.testcase",
      "pk":31,
      "fields":{
         "name":"linux-linaro-ubuntu-route-dump-b",
         "units":"",
         "result":1,
         "measurement":null,
         "metadata":"{case: linux-linaro-ubuntu-route-dump-b, definition: 2_singlenode-advanced, result: fail}\n",
         "suite":3,
         "start_log_line":1167,
         "end_log_line":1171,
         "test_set":null,
         "logged":"2020-04-30T13:34:38.837Z"
      }
   },
   {
      "model":"lava_results_app.testcase",
      "pk":32,
      "fields":{
         "name":"ping-test",
         "units":"",
         "result":1,
         "measurement":null,
         "metadata":"{case: ping-test, definition: 2_singlenode-advanced, result: fail}\n",
         "suite":3,
         "start_log_line":1178,
         "end_log_line":1181,
         "test_set":null,
         "logged":"2020-04-30T13:34:38.837Z"
      }
   },
   {
      "model":"lava_results_app.testcase",
      "pk":33,
      "fields":{
         "name":"curl-http",
         "units":"",
         "result":1,
         "measurement":null,
         "metadata":"{case: curl-http, definition: 2_singlenode-advanced, result: fail}\n",
         "suite":3,
         "start_log_line":1187,
         "end_log_line":1190,
         "test_set":null,
         "logged":"2020-04-30T13:34:38.837Z"
      }
   },
   {
      "model":"lava_results_app.testcase",
      "pk":34,
      "fields":{
         "name":"tar-tgz",
         "units":"",
         "result":1,
         "measurement":null,
         "metadata":"{case: tar-tgz, definition: 2_singlenode-advanced, result: fail}\n",
         "suite":3,
         "start_log_line":1196,
         "end_log_line":1201,
         "test_set":null,
         "logged":"2020-04-30T13:34:38.837Z"
      }
   },
   {
      "model":"lava_results_app.testcase",
      "pk":35,
      "fields":{
         "name":"remove-tgz",
         "units":"",
         "result":1,
         "measurement":null,
         "metadata":"{case: remove-tgz, definition: 2_singlenode-advanced, result: fail}\n",
         "suite":3,
         "start_log_line":1208,
         "end_log_line":1211,
         "test_set":null,
         "logged":"2020-04-30T13:34:38.837Z"
      }
   },
   {
      "model":"lava_results_app.testcase",
      "pk":36,
      "fields":{
         "name":"2_singlenode-advanced",
         "units":"seconds",
         "result":0,
         "measurement":"1.2300000000",
         "metadata":"{case: 2_singlenode-advanced, commit_id: bd52f8443f789f30e0339562607128882e287e63,\n  definition: lava, duration: '1.23', namespace: common, path: lava-test-shell/single-node/singlenode03.yaml,\n  repository: 'http://git.linaro.org/lava-team/lava-functional-tests.git', result: pass,\n  revision: unspecified, uuid: 1_1.2.3.9}\n",
         "suite":1,
         "start_log_line":null,
         "end_log_line":null,
         "test_set":null,
         "logged":"2020-04-30T13:34:38.837Z"
      }
   },
   {
      "model":"lava_results_app.testcase",
      "pk":37,
      "fields":{
         "name":"job",
         "units":"",
         "result":0,
         "measurement":null,
         "metadata":"{case: job, definition: lava, result: pass}\n",
         "suite":1,
         "start_log_line":null,
         "end_log_line":null,
         "test_set":null,
         "logged":"2020-04-30T13:34:38.837Z"
      }
   },
   {
      "model":"lava_results_app.testcase",
      "pk":38,
      "fields":{
         "name":"validate",
         "units":"",
         "result":0,
         "measurement":null,
         "metadata":"{case: validate, definition: lava, result: pass}\n",
         "suite":4,
         "start_log_line":null,
         "end_log_line":null,
         "test_set":null,
         "logged":"2020-04-30T13:39:18.398Z"
      }
   },
   {
      "model":"lava_results_app.testcase",
      "pk":39,
      "fields":{
         "name":"http-download",
         "units":"seconds",
         "result":0,
         "measurement":"4.8800000000",
         "metadata":"{case: http-download, definition: lava, duration: '4.88', extra: /var/lib/lava-server/default/media/job-output/2020/04/30/2/metadata/lava-http-download-1.1.1.yaml,\n  level: 1.1.1, namespace: target, result: pass}\n",
         "suite":4,
         "start_log_line":null,
         "end_log_line":null,
         "test_set":null,
         "logged":"2020-04-30T13:39:28.502Z"
      }
   },
   {
      "model":"lava_results_app.testcase",
      "pk":40,
      "fields":{
         "name":"http-download",
         "units":"seconds",
         "result":0,
         "measurement":"119.8900000000",
         "metadata":"{case: http-download, definition: lava, duration: '119.89', extra: /var/lib/lava-server/default/media/job-output/2020/04/30/2/metadata/lava-http-download-1.2.1.yaml,\n  level: 1.2.1, namespace: target, result: pass}\n",
         "suite":4,
         "start_log_line":null,
         "end_log_line":null,
         "test_set":null,
         "logged":"2020-04-30T13:41:34.024Z"
      }
   },
   {
      "model":"lava_results_app.testcase",
      "pk":41,
      "fields":{
         "name":"test-overlay",
         "units":"seconds",
         "result":0,
         "measurement":"0E-10",
         "metadata":"{case: test-overlay, definition: lava, duration: '0.00', extra: /var/lib/lava-server/default/media/job-output/2020/04/30/2/metadata/lava-test-overlay-1.3.3.2.yaml,\n  level: 1.3.3.2, namespace: target, result: pass}\n",
         "suite":4,
         "start_log_line":null,
         "end_log_line":null,
         "test_set":null,
         "logged":"2020-04-30T13:41:34.024Z"
      }
   },
   {
      "model":"lava_results_app.testcase",
      "pk":42,
      "fields":{
         "name":"test-install-overlay",
         "units":"seconds",
         "result":0,
         "measurement":"0E-10",
         "metadata":"{case: test-install-overlay, definition: lava, duration: '0.00', extra: /var/lib/lava-server/default/media/job-output/2020/04/30/2/metadata/lava-test-install-overlay-1.3.3.3.yaml,\n  level: 1.3.3.3, namespace: target, result: pass}\n",
         "suite":4,
         "start_log_line":null,
         "end_log_line":null,
         "test_set":null,
         "logged":"2020-04-30T13:41:34.024Z"
      }
   },
   {
      "model":"lava_results_app.testcase",
      "pk":43,
      "fields":{
         "name":"test-runscript-overlay",
         "units":"seconds",
         "result":0,
         "measurement":"0.0200000000",
         "metadata":"{case: test-runscript-overlay, definition: lava, duration: '0.02', extra: /var/lib/lava-server/default/media/job-output/2020/04/30/2/metadata/lava-test-runscript-overlay-1.3.3.4.yaml,\n  level: 1.3.3.4, namespace: target, result: pass}\n",
         "suite":4,
         "start_log_line":null,
         "end_log_line":null,
         "test_set":null,
         "logged":"2020-04-30T13:41:34.024Z"
      }
   },
   {
      "model":"lava_results_app.testcase",
      "pk":44,
      "fields":{
         "name":"git-repo-action",
         "units":"seconds",
         "result":0,
         "measurement":"6.1300000000",
         "metadata":"{case: git-repo-action, definition: lava, duration: '6.13', extra: /var/lib/lava-server/default/media/job-output/2020/04/30/2/metadata/lava-git-repo-action-1.3.3.5.yaml,\n  level: 1.3.3.5, namespace: target, result: pass}\n",
         "suite":4,
         "start_log_line":null,
         "end_log_line":null,
         "test_set":null,
         "logged":"2020-04-30T13:41:34.025Z"
      }
   },
   {
      "model":"lava_results_app.testcase",
      "pk":45,
      "fields":{
         "name":"test-overlay",
         "units":"seconds",
         "result":0,
         "measurement":"0E-10",
         "metadata":"{case: test-overlay, definition: lava, duration: '0.00', extra: /var/lib/lava-server/default/media/job-output/2020/04/30/2/metadata/lava-test-overlay-1.3.3.6.yaml,\n  level: 1.3.3.6, namespace: target, result: pass}\n",
         "suite":4,
         "start_log_line":null,
         "end_log_line":null,
         "test_set":null,
         "logged":"2020-04-30T13:41:34.025Z"
      }
   },
   {
      "model":"lava_results_app.testcase",
      "pk":46,
      "fields":{
         "name":"test-install-overlay",
         "units":"seconds",
         "result":0,
         "measurement":"0E-10",
         "metadata":"{case: test-install-overlay, definition: lava, duration: '0.00', extra: /var/lib/lava-server/default/media/job-output/2020/04/30/2/metadata/lava-test-install-overlay-1.3.3.7.yaml,\n  level: 1.3.3.7, namespace: target, result: pass}\n",
         "suite":4,
         "start_log_line":null,
         "end_log_line":null,
         "test_set":null,
         "logged":"2020-04-30T13:41:34.025Z"
      }
   },
   {
      "model":"lava_results_app.testcase",
      "pk":47,
      "fields":{
         "name":"test-runscript-overlay",
         "units":"seconds",
         "result":0,
         "measurement":"0E-10",
         "metadata":"{case: test-runscript-overlay, definition: lava, duration: '0.00', extra: /var/lib/lava-server/default/media/job-output/2020/04/30/2/metadata/lava-test-runscript-overlay-1.3.3.8.yaml,\n  level: 1.3.3.8, namespace: target, result: pass}\n",
         "suite":4,
         "start_log_line":null,
         "end_log_line":null,
         "test_set":null,
         "logged":"2020-04-30T13:41:34.025Z"
      }
   },
   {
      "model":"lava_results_app.testcase",
      "pk":48,
      "fields":{
         "name":"git-repo-action",
         "units":"seconds",
         "result":0,
         "measurement":"6.2000000000",
         "metadata":"{case: git-repo-action, definition: lava, duration: '6.20', extra: /var/lib/lava-server/default/media/job-output/2020/04/30/2/metadata/lava-git-repo-action-1.3.3.9.yaml,\n  level: 1.3.3.9, namespace: target, result: pass}\n",
         "suite":4,
         "start_log_line":null,
         "end_log_line":null,
         "test_set":null,
         "logged":"2020-04-30T13:41:46.925Z"
      }
   },
   {
      "model":"lava_results_app.testcase",
      "pk":49,
      "fields":{
         "name":"test-overlay",
         "units":"seconds",
         "result":0,
         "measurement":"0E-10",
         "metadata":"{case: test-overlay, definition: lava, duration: '0.00', extra: /var/lib/lava-server/default/media/job-output/2020/04/30/2/metadata/lava-test-overlay-1.3.3.10.yaml,\n  level: 1.3.3.10, namespace: target, result: pass}\n",
         "suite":4,
         "start_log_line":null,
         "end_log_line":null,
         "test_set":null,
         "logged":"2020-04-30T13:41:46.925Z"
      }
   },
   {
      "model":"lava_results_app.testcase",
      "pk":50,
      "fields":{
         "name":"test-install-overlay",
         "units":"seconds",
         "result":0,
         "measurement":"0E-10",
         "metadata":"{case: test-install-overlay, definition: lava, duration: '0.00', extra: /var/lib/lava-server/default/media/job-output/2020/04/30/2/metadata/lava-test-install-overlay-1.3.3.11.yaml,\n  level: 1.3.3.11, namespace: target, result: pass}\n",
         "suite":4,
         "start_log_line":null,
         "end_log_line":null,
         "test_set":null,
         "logged":"2020-04-30T13:41:46.925Z"
      }
   },
   {
      "model":"lava_results_app.testcase",
      "pk":51,
      "fields":{
         "name":"test-runscript-overlay",
         "units":"seconds",
         "result":0,
         "measurement":"0.0100000000",
         "metadata":"{case: test-runscript-overlay, definition: lava, duration: '0.01', extra: /var/lib/lava-server/default/media/job-output/2020/04/30/2/metadata/lava-test-runscript-overlay-1.3.3.12.yaml,\n  level: 1.3.3.12, namespace: target, result: pass}\n",
         "suite":4,
         "start_log_line":null,
         "end_log_line":null,
         "test_set":null,
         "logged":"2020-04-30T13:41:46.925Z"
      }
   },
   {
      "model":"lava_results_app.testcase",
      "pk":52,
      "fields":{
         "name":"git-repo-action",
         "units":"seconds",
         "result":0,
         "measurement":"6.5300000000",
         "metadata":"{case: git-repo-action, definition: lava, duration: '6.53', extra: /var/lib/lava-server/default/media/job-output/2020/04/30/2/metadata/lava-git-repo-action-1.3.3.13.yaml,\n  level: 1.3.3.13, namespace: target, result: pass}\n",
         "suite":4,
         "start_log_line":null,
         "end_log_line":null,
         "test_set":null,
         "logged":"2020-04-30T13:41:46.925Z"
      }
   },
   {
      "model":"lava_results_app.testcase",
      "pk":53,
      "fields":{
         "name":"test-overlay",
         "units":"seconds",
         "result":0,
         "measurement":"0E-10",
         "metadata":"{case: test-overlay, definition: lava, duration: '0.00', extra: /var/lib/lava-server/default/media/job-output/2020/04/30/2/metadata/lava-test-overlay-1.3.3.14.yaml,\n  level: 1.3.3.14, namespace: target, result: pass}\n",
         "suite":4,
         "start_log_line":null,
         "end_log_line":null,
         "test_set":null,
         "logged":"2020-04-30T13:41:46.925Z"
      }
   },
   {
      "model":"lava_results_app.testcase",
      "pk":54,
      "fields":{
         "name":"test-install-overlay",
         "units":"seconds",
         "result":0,
         "measurement":"0.0700000000",
         "metadata":"{case: test-install-overlay, definition: lava, duration: '0.07', extra: /var/lib/lava-server/default/media/job-output/2020/04/30/2/metadata/lava-test-install-overlay-1.3.3.15.yaml,\n  level: 1.3.3.15, namespace: target, result: pass}\n",
         "suite":4,
         "start_log_line":null,
         "end_log_line":null,
         "test_set":null,
         "logged":"2020-04-30T13:41:46.926Z"
      }
   },
   {
      "model":"lava_results_app.testcase",
      "pk":55,
      "fields":{
         "name":"test-runscript-overlay",
         "units":"seconds",
         "result":0,
         "measurement":"0.0100000000",
         "metadata":"{case: test-runscript-overlay, definition: lava, duration: '0.01', extra: /var/lib/lava-server/default/media/job-output/2020/04/30/2/metadata/lava-test-runscript-overlay-1.3.3.16.yaml,\n  level: 1.3.3.16, namespace: target, result: pass}\n",
         "suite":4,
         "start_log_line":null,
         "end_log_line":null,
         "test_set":null,
         "logged":"2020-04-30T13:41:46.926Z"
      }
   },
   {
      "model":"lava_results_app.testcase",
      "pk":56,
      "fields":{
         "name":"git-repo-action",
         "units":"seconds",
         "result":0,
         "measurement":"6.2600000000",
         "metadata":"{case: git-repo-action, definition: lava, duration: '6.26', extra: /var/lib/lava-server/default/media/job-output/2020/04/30/2/metadata/lava-git-repo-action-1.3.3.17.yaml,\n  level: 1.3.3.17, namespace: target, result: pass}\n",
         "suite":4,
         "start_log_line":null,
         "end_log_line":null,
         "test_set":null,
         "logged":"2020-04-30T13:41:56.980Z"
      }
   },
   {
      "model":"lava_results_app.testcase",
      "pk":57,
      "fields":{
         "name":"test-overlay",
         "units":"seconds",
         "result":0,
         "measurement":"0E-10",
         "metadata":"{case: test-overlay, definition: lava, duration: '0.00', extra: /var/lib/lava-server/default/media/job-output/2020/04/30/2/metadata/lava-test-overlay-1.3.3.18.yaml,\n  level: 1.3.3.18, namespace: target, result: pass}\n",
         "suite":4,
         "start_log_line":null,
         "end_log_line":null,
         "test_set":null,
         "logged":"2020-04-30T13:41:56.981Z"
      }
   },
   {
      "model":"lava_results_app.testcase",
      "pk":58,
      "fields":{
         "name":"test-install-overlay",
         "units":"seconds",
         "result":0,
         "measurement":"0E-10",
         "metadata":"{case: test-install-overlay, definition: lava, duration: '0.00', extra: /var/lib/lava-server/default/media/job-output/2020/04/30/2/metadata/lava-test-install-overlay-1.3.3.19.yaml,\n  level: 1.3.3.19, namespace: target, result: pass}\n",
         "suite":4,
         "start_log_line":null,
         "end_log_line":null,
         "test_set":null,
         "logged":"2020-04-30T13:41:56.981Z"
      }
   },
   {
      "model":"lava_results_app.testcase",
      "pk":59,
      "fields":{
         "name":"test-runscript-overlay",
         "units":"seconds",
         "result":0,
         "measurement":"0E-10",
         "metadata":"{case: test-runscript-overlay, definition: lava, duration: '0.00', extra: /var/lib/lava-server/default/media/job-output/2020/04/30/2/metadata/lava-test-runscript-overlay-1.3.3.20.yaml,\n  level: 1.3.3.20, namespace: target, result: pass}\n",
         "suite":4,
         "start_log_line":null,
         "end_log_line":null,
         "test_set":null,
         "logged":"2020-04-30T13:41:56.981Z"
      }
   },
   {
      "model":"lava_results_app.testcase",
      "pk":60,
      "fields":{
         "name":"apply-overlay-guest",
         "units":"seconds",
         "result":0,
         "measurement":"8.3000000000",
         "metadata":"{case: apply-overlay-guest, definition: lava, duration: '8.30', extra: /var/lib/lava-server/default/media/job-output/2020/04/30/2/metadata/lava-apply-overlay-guest-1.4.yaml,\n  level: '1.4', namespace: target, result: pass}\n",
         "suite":4,
         "start_log_line":null,
         "end_log_line":null,
         "test_set":null,
         "logged":"2020-04-30T13:42:32.162Z"
      }
   },
   {
      "model":"lava_results_app.testcase",
      "pk":61,
      "fields":{
         "name":"kernel-messages",
         "units":"seconds",
         "result":0,
         "measurement":"4.8900000000",
         "metadata":"{case: kernel-messages, definition: lava, duration: '4.89', extra: /var/lib/lava-server/default/media/job-output/2020/04/30/2/metadata/lava-kernel-messages-2.2.yaml,\n  level: '2.2', namespace: target, result: pass}\n",
         "suite":4,
         "start_log_line":null,
         "end_log_line":null,
         "test_set":null,
         "logged":"2020-04-30T13:42:32.162Z"
      }
   },
   {
      "model":"lava_results_app.testcase",
      "pk":62,
      "fields":{
         "name":"auto-login-action",
         "units":"seconds",
         "result":0,
         "measurement":"10.2500000000",
         "metadata":"{case: auto-login-action, definition: lava, duration: '10.25', extra: /var/lib/lava-server/default/media/job-output/2020/04/30/2/metadata/lava-auto-login-action-2.2.yaml,\n  level: '2.2', namespace: target, result: pass}\n",
         "suite":4,
         "start_log_line":null,
         "end_log_line":null,
         "test_set":null,
         "logged":"2020-04-30T13:42:42.166Z"
      }
   },
   {
      "model":"lava_results_app.testcase",
      "pk":63,
      "fields":{
         "name":"0_prep-tmp-disk",
         "units":"seconds",
         "result":0,
         "measurement":"0.0100000000",
         "metadata":"case: 0_prep-tmp-disk\ndefinition: lava\nduration: '0.01'\nnamespace: target\npath: inline/prep.yaml\nrepository:\n  metadata: {description: Link /scratch to /tmp, format: Lava-Test Test Definition\n      1.0, name: prep-tmp-disk}\n  run:\n    steps: [df -h, ln -s /tmp /scratch]\nresult: pass\nrevision: unspecified\nuuid: 2_1.3.3.1\n",
         "suite":4,
         "start_log_line":null,
         "end_log_line":null,
         "test_set":null,
         "logged":"2020-04-30T13:42:42.166Z"
      }
   },
   {
      "model":"lava_results_app.testcase",
      "pk":64,
      "fields":{
         "name":"Filecaps",
         "units":"",
         "result":0,
         "measurement":null,
         "metadata":"{case: Filecaps, definition: 1_ltp-filecaps-tests, result: pass}\n",
         "suite":5,
         "start_log_line":1378,
         "end_log_line":1378,
         "test_set":null,
         "logged":"2020-04-30T13:42:42.166Z"
      }
   },
   {
      "model":"lava_results_app.testcase",
      "pk":65,
      "fields":{
         "name":"1_ltp-filecaps-tests",
         "units":"seconds",
         "result":0,
         "measurement":"1.5900000000",
         "metadata":"{case: 1_ltp-filecaps-tests, commit_id: 018d4b98b37a73742a2bf3335e473ad6895290f9,\n  definition: lava, duration: '1.59', namespace: target, path: automated/linux/ltp/ltp.yaml,\n  repository: 'https://github.com/Linaro/test-definitions.git', result: pass, revision: unspecified,\n  uuid: 2_1.3.3.5}\n",
         "suite":4,
         "start_log_line":null,
         "end_log_line":null,
         "test_set":null,
         "logged":"2020-04-30T13:42:42.166Z"
      }
   },
   {
      "model":"lava_results_app.testcase",
      "pk":66,
      "fields":{
         "name":"BindMounts",
         "units":"",
         "result":0,
         "measurement":null,
         "metadata":"{case: BindMounts, definition: 2_ltp-fs_bind-tests, result: pass}\n",
         "suite":6,
         "start_log_line":4577,
         "end_log_line":4577,
         "test_set":null,
         "logged":"2020-04-30T13:43:02.224Z"
      }
   },
   {
      "model":"lava_results_app.testcase",
      "pk":67,
      "fields":{
         "name":"2_ltp-fs_bind-tests",
         "units":"seconds",
         "result":0,
         "measurement":"20.0300000000",
         "metadata":"{case: 2_ltp-fs_bind-tests, commit_id: 018d4b98b37a73742a2bf3335e473ad6895290f9, definition: lava,\n  duration: '20.03', namespace: target, path: automated/linux/ltp/ltp.yaml, repository: 'https://github.com/Linaro/test-definitions.git',\n  result: pass, revision: unspecified, uuid: 2_1.3.3.9}\n",
         "suite":4,
         "start_log_line":null,
         "end_log_line":null,
         "test_set":null,
         "logged":"2020-04-30T13:43:02.224Z"
      }
   },
   {
      "model":"lava_results_app.testcase",
      "pk":68,
      "fields":{
         "name":"fs_perms01",
         "units":"",
         "result":0,
         "measurement":null,
         "metadata":"{case: fs_perms01, definition: 3_ltp-fs_perms_simple-tests, result: pass}\n",
         "suite":7,
         "start_log_line":4832,
         "end_log_line":4832,
         "test_set":null,
         "logged":"2020-04-30T13:43:02.225Z"
      }
   },
   {
      "model":"lava_results_app.testcase",
      "pk":69,
      "fields":{
         "name":"fs_perms02",
         "units":"",
         "result":0,
         "measurement":null,
         "metadata":"{case: fs_perms02, definition: 3_ltp-fs_perms_simple-tests, result: pass}\n",
         "suite":7,
         "start_log_line":4835,
         "end_log_line":4835,
         "test_set":null,
         "logged":"2020-04-30T13:43:02.225Z"
      }
   },
   {
      "model":"lava_results_app.testcase",
      "pk":70,
      "fields":{
         "name":"fs_perms03",
         "units":"",
         "result":0,
         "measurement":null,
         "metadata":"{case: fs_perms03, definition: 3_ltp-fs_perms_simple-tests, result: pass}\n",
         "suite":7,
         "start_log_line":4839,
         "end_log_line":4839,
         "test_set":null,
         "logged":"2020-04-30T13:43:02.225Z"
      }
   },
   {
      "model":"lava_results_app.testcase",
      "pk":71,
      "fields":{
         "name":"fs_perms04",
         "units":"",
         "result":0,
         "measurement":null,
         "metadata":"{case: fs_perms04, definition: 3_ltp-fs_perms_simple-tests, result: pass}\n",
         "suite":7,
         "start_log_line":4842,
         "end_log_line":4842,
         "test_set":null,
         "logged":"2020-04-30T13:43:02.225Z"
      }
   },
   {
      "model":"lava_results_app.testcase",
      "pk":72,
      "fields":{
         "name":"fs_perms05",
         "units":"",
         "result":0,
         "measurement":null,
         "metadata":"{case: fs_perms05, definition: 3_ltp-fs_perms_simple-tests, result: pass}\n",
         "suite":7,
         "start_log_line":4844,
         "end_log_line":4844,
         "test_set":null,
         "logged":"2020-04-30T13:43:02.225Z"
      }
   },
   {
      "model":"lava_results_app.testcase",
      "pk":73,
      "fields":{
         "name":"fs_perms06",
         "units":"",
         "result":0,
         "measurement":null,
         "metadata":"{case: fs_perms06, definition: 3_ltp-fs_perms_simple-tests, result: pass}\n",
         "suite":7,
         "start_log_line":4848,
         "end_log_line":4848,
         "test_set":null,
         "logged":"2020-04-30T13:43:02.225Z"
      }
   },
   {
      "model":"lava_results_app.testcase",
      "pk":74,
      "fields":{
         "name":"fs_perms07",
         "units":"",
         "result":0,
         "measurement":null,
         "metadata":"{case: fs_perms07, definition: 3_ltp-fs_perms_simple-tests, result: pass}\n",
         "suite":7,
         "start_log_line":4850,
         "end_log_line":4850,
         "test_set":null,
         "logged":"2020-04-30T13:43:02.225Z"
      }
   },
   {
      "model":"lava_results_app.testcase",
      "pk":75,
      "fields":{
         "name":"fs_perms08",
         "units":"",
         "result":0,
         "measurement":null,
         "metadata":"{case: fs_perms08, definition: 3_ltp-fs_perms_simple-tests, result: pass}\n",
         "suite":7,
         "start_log_line":4853,
         "end_log_line":4853,
         "test_set":null,
         "logged":"2020-04-30T13:43:02.225Z"
      }
   },
   {
      "model":"lava_results_app.testcase",
      "pk":76,
      "fields":{
         "name":"fs_perms09",
         "units":"",
         "result":0,
         "measurement":null,
         "metadata":"{case: fs_perms09, definition: 3_ltp-fs_perms_simple-tests, result: pass}\n",
         "suite":7,
         "start_log_line":4856,
         "end_log_line":4856,
         "test_set":null,
         "logged":"2020-04-30T13:43:02.225Z"
      }
   },
   {
      "model":"lava_results_app.testcase",
      "pk":77,
      "fields":{
         "name":"fs_perms10",
         "units":"",
         "result":0,
         "measurement":null,
         "metadata":"{case: fs_perms10, definition: 3_ltp-fs_perms_simple-tests, result: pass}\n",
         "suite":7,
         "start_log_line":4859,
         "end_log_line":4859,
         "test_set":null,
         "logged":"2020-04-30T13:43:02.225Z"
      }
   },
   {
      "model":"lava_results_app.testcase",
      "pk":78,
      "fields":{
         "name":"fs_perms11",
         "units":"",
         "result":0,
         "measurement":null,
         "metadata":"{case: fs_perms11, definition: 3_ltp-fs_perms_simple-tests, result: pass}\n",
         "suite":7,
         "start_log_line":4863,
         "end_log_line":4863,
         "test_set":null,
         "logged":"2020-04-30T13:43:02.225Z"
      }
   },
   {
      "model":"lava_results_app.testcase",
      "pk":79,
      "fields":{
         "name":"fs_perms12",
         "units":"",
         "result":0,
         "measurement":null,
         "metadata":"{case: fs_perms12, definition: 3_ltp-fs_perms_simple-tests, result: pass}\n",
         "suite":7,
         "start_log_line":4865,
         "end_log_line":4865,
         "test_set":null,
         "logged":"2020-04-30T13:43:02.225Z"
      }
   },
   {
      "model":"lava_results_app.testcase",
      "pk":80,
      "fields":{
         "name":"fs_perms13",
         "units":"",
         "result":0,
         "measurement":null,
         "metadata":"{case: fs_perms13, definition: 3_ltp-fs_perms_simple-tests, result: pass}\n",
         "suite":7,
         "start_log_line":4869,
         "end_log_line":4869,
         "test_set":null,
         "logged":"2020-04-30T13:43:02.225Z"
      }
   },
   {
      "model":"lava_results_app.testcase",
      "pk":81,
      "fields":{
         "name":"fs_perms14",
         "units":"",
         "result":0,
         "measurement":null,
         "metadata":"{case: fs_perms14, definition: 3_ltp-fs_perms_simple-tests, result: pass}\n",
         "suite":7,
         "start_log_line":4871,
         "end_log_line":4871,
         "test_set":null,
         "logged":"2020-04-30T13:43:02.225Z"
      }
   },
   {
      "model":"lava_results_app.testcase",
      "pk":82,
      "fields":{
         "name":"fs_perms15",
         "units":"",
         "result":0,
         "measurement":null,
         "metadata":"{case: fs_perms15, definition: 3_ltp-fs_perms_simple-tests, result: pass}\n",
         "suite":7,
         "start_log_line":4875,
         "end_log_line":4875,
         "test_set":null,
         "logged":"2020-04-30T13:43:02.226Z"
      }
   },
   {
      "model":"lava_results_app.testcase",
      "pk":83,
      "fields":{
         "name":"fs_perms16",
         "units":"",
         "result":0,
         "measurement":null,
         "metadata":"{case: fs_perms16, definition: 3_ltp-fs_perms_simple-tests, result: pass}\n",
         "suite":7,
         "start_log_line":4878,
         "end_log_line":4878,
         "test_set":null,
         "logged":"2020-04-30T13:43:02.226Z"
      }
   },
   {
      "model":"lava_results_app.testcase",
      "pk":84,
      "fields":{
         "name":"fs_perms17",
         "units":"",
         "result":0,
         "measurement":null,
         "metadata":"{case: fs_perms17, definition: 3_ltp-fs_perms_simple-tests, result: pass}\n",
         "suite":7,
         "start_log_line":4881,
         "end_log_line":4881,
         "test_set":null,
         "logged":"2020-04-30T13:43:02.226Z"
      }
   },
   {
      "model":"lava_results_app.testcase",
      "pk":85,
      "fields":{
         "name":"fs_perms18",
         "units":"",
         "result":0,
         "measurement":null,
         "metadata":"{case: fs_perms18, definition: 3_ltp-fs_perms_simple-tests, result: pass}\n",
         "suite":7,
         "start_log_line":4883,
         "end_log_line":4883,
         "test_set":null,
         "logged":"2020-04-30T13:43:02.226Z"
      }
   },
   {
      "model":"lava_results_app.testcase",
      "pk":86,
      "fields":{
         "name":"3_ltp-fs_perms_simple-tests",
         "units":"seconds",
         "result":0,
         "measurement":"1.9000000000",
         "metadata":"{case: 3_ltp-fs_perms_simple-tests, commit_id: 018d4b98b37a73742a2bf3335e473ad6895290f9,\n  definition: lava, duration: '1.90', namespace: target, path: automated/linux/ltp/ltp.yaml,\n  repository: 'https://github.com/Linaro/test-definitions.git', result: pass, revision: unspecified,\n  uuid: 2_1.3.3.13}\n",
         "suite":4,
         "start_log_line":null,
         "end_log_line":null,
         "test_set":null,
         "logged":"2020-04-30T13:43:02.226Z"
      }
   },
   {
      "model":"lava_results_app.testcase",
      "pk":87,
      "fields":{
         "name":"fsx-linux",
         "units":"",
         "result":0,
         "measurement":null,
         "metadata":"{case: fsx-linux, definition: 4_ltp-fsx-tests, result: pass}\n",
         "suite":8,
         "start_log_line":5133,
         "end_log_line":5133,
         "test_set":null,
         "logged":"2020-04-30T13:43:02.226Z"
      }
   },
   {
      "model":"lava_results_app.testcase",
      "pk":88,
      "fields":{
         "name":"4_ltp-fsx-tests",
         "units":"seconds",
         "result":0,
         "measurement":"2.2800000000",
         "metadata":"{case: 4_ltp-fsx-tests, commit_id: 018d4b98b37a73742a2bf3335e473ad6895290f9, definition: lava,\n  duration: '2.28', namespace: target, path: automated/linux/ltp/ltp.yaml, repository: 'https://github.com/Linaro/test-definitions.git',\n  result: pass, revision: unspecified, uuid: 2_1.3.3.17}\n",
         "suite":4,
         "start_log_line":null,
         "end_log_line":null,
         "test_set":null,
         "logged":"2020-04-30T13:43:02.226Z"
      }
   },
   {
      "model":"lava_results_app.testcase",
      "pk":89,
      "fields":{
         "name":"job",
         "units":"",
         "result":0,
         "measurement":null,
         "metadata":"{case: job, definition: lava, result: pass}\n",
         "suite":4,
         "start_log_line":null,
         "end_log_line":null,
         "test_set":null,
         "logged":"2020-04-30T13:43:02.842Z"
      }
   },
   {
      "model":"lava_results_app.testcase",
      "pk":90,
      "fields":{
         "name":"validate",
         "units":"",
         "result":0,
         "measurement":null,
         "metadata":"{case: validate, definition: lava, result: pass}\n",
         "suite":9,
         "start_log_line":null,
         "end_log_line":null,
         "test_set":null,
         "logged":"2020-04-30T13:49:39.987Z"
      }
   },
   {
      "model":"lava_results_app.testcase",
      "pk":91,
      "fields":{
         "name":"http-download",
         "units":"seconds",
         "result":1,
         "measurement":"2.4800000000",
         "metadata":"{case: http-download, definition: lava, duration: '2.48', extra: /var/lib/lava-server/default/media/job-output/2020/04/30/3/metadata/lava-http-download-1.1.1.yaml,\n  level: 1.1.1, namespace: target, result: fail}\n",
         "suite":9,
         "start_log_line":null,
         "end_log_line":null,
         "test_set":null,
         "logged":"2020-04-30T13:49:39.987Z"
      }
   },
   {
      "model":"lava_results_app.testcase",
      "pk":92,
      "fields":{
         "name":"download-retry",
         "units":"seconds",
         "result":1,
         "measurement":"2.4800000000",
         "metadata":"{case: download-retry, definition: lava, duration: '2.48', extra: /var/lib/lava-server/default/media/job-output/2020/04/30/3/metadata/lava-download-retry-1.1.yaml,\n  level: '1.1', namespace: target, result: fail}\n",
         "suite":9,
         "start_log_line":null,
         "end_log_line":null,
         "test_set":null,
         "logged":"2020-04-30T13:49:39.987Z"
      }
   },
   {
      "model":"lava_results_app.testcase",
      "pk":93,
      "fields":{
         "name":"deployimages",
         "units":"seconds",
         "result":1,
         "measurement":"2.4900000000",
         "metadata":"{case: deployimages, definition: lava, duration: '2.49', extra: /var/lib/lava-server/default/media/job-output/2020/04/30/3/metadata/lava-deployimages-1.yaml,\n  level: '1', namespace: target, result: fail}\n",
         "suite":9,
         "start_log_line":null,
         "end_log_line":null,
         "test_set":null,
         "logged":"2020-04-30T13:49:39.987Z"
      }
   },
   {
      "model":"lava_results_app.testcase",
      "pk":94,
      "fields":{
         "name":"job",
         "units":"",
         "result":1,
         "measurement":null,
         "metadata":"{case: job, definition: lava, error_msg: The job was canceled, error_type: Canceled,\n  result: fail}\n",
         "suite":9,
         "start_log_line":null,
         "end_log_line":null,
         "test_set":null,
         "logged":"2020-04-30T13:49:39.987Z"
      }
   },
   {
      "model":"lava_results_app.metatype",
      "pk":1,
      "fields":{
         "name":"tmpfs",
         "metatype":0
      }
   },
   {
      "model":"lava_results_app.metatype",
      "pk":2,
      "fields":{
         "name":"qemu",
         "metatype":1
      }
   },
   {
      "model":"lava_results_app.metatype",
      "pk":3,
      "fields":{
         "name":"definitions",
         "metatype":2
      }
   },
   {
      "model":"lava_results_app.namedtestattribute",
      "pk":1,
      "fields":{
         "name":"boot.0.common.method",
         "value":"qemu",
         "content_type":7,
         "object_id":1
      }
   },
   {
      "model":"lava_results_app.namedtestattribute",
      "pk":2,
      "fields":{
         "name":"omitted.0.common.inline.name",
         "value":"env-dut-inline",
         "content_type":7,
         "object_id":1
      }
   },
   {
      "model":"lava_results_app.namedtestattribute",
      "pk":3,
      "fields":{
         "name":"omitted.0.common.inline.path",
         "value":"inline/env-dut.yaml",
         "content_type":7,
         "object_id":1
      }
   },
   {
      "model":"lava_results_app.namedtestattribute",
      "pk":4,
      "fields":{
         "name":"test.1.common.definition.name",
         "value":"smoke-tests",
         "content_type":7,
         "object_id":1
      }
   },
   {
      "model":"lava_results_app.namedtestattribute",
      "pk":5,
      "fields":{
         "name":"test.1.common.definition.path",
         "value":"lava-test-shell/smoke-tests-basic.yaml",
         "content_type":7,
         "object_id":1
      }
   },
   {
      "model":"lava_results_app.namedtestattribute",
      "pk":6,
      "fields":{
         "name":"test.1.common.definition.from",
         "value":"git",
         "content_type":7,
         "object_id":1
      }
   },
   {
      "model":"lava_results_app.namedtestattribute",
      "pk":7,
      "fields":{
         "name":"test.1.common.definition.repository",
         "value":"http://git.linaro.org/lava-team/lava-functional-tests.git",
         "content_type":7,
         "object_id":1
      }
   },
   {
      "model":"lava_results_app.namedtestattribute",
      "pk":8,
      "fields":{
         "name":"test.2.common.definition.name",
         "value":"singlenode-advanced",
         "content_type":7,
         "object_id":1
      }
   },
   {
      "model":"lava_results_app.namedtestattribute",
      "pk":9,
      "fields":{
         "name":"test.2.common.definition.path",
         "value":"lava-test-shell/single-node/singlenode03.yaml",
         "content_type":7,
         "object_id":1
      }
   },
   {
      "model":"lava_results_app.namedtestattribute",
      "pk":10,
      "fields":{
         "name":"test.2.common.definition.from",
         "value":"git",
         "content_type":7,
         "object_id":1
      }
   },
   {
      "model":"lava_results_app.namedtestattribute",
      "pk":11,
      "fields":{
         "name":"test.2.common.definition.repository",
         "value":"http://git.linaro.org/lava-team/lava-functional-tests.git",
         "content_type":7,
         "object_id":1
      }
   },
   {
      "model":"lava_results_app.namedtestattribute",
      "pk":12,
      "fields":{
         "name":"definition-checksum",
         "value":"18c30b15767f4a57fad5a626e5c502b4",
         "content_type":7,
         "object_id":1
      }
   },
   {
      "model":"lava_results_app.namedtestattribute",
      "pk":13,
      "fields":{
         "name":"lava-server-version",
         "value":"2020.04",
         "content_type":7,
         "object_id":1
      }
   },
   {
      "model":"lava_results_app.namedtestattribute",
      "pk":14,
      "fields":{
         "name":"target.device_type",
         "value":"qemu",
         "content_type":7,
         "object_id":1
      }
   },
   {
      "model":"lava_results_app.namedtestattribute",
      "pk":15,
      "fields":{
         "name":"path",
         "value":"shared/health-checks/qemu.yaml",
         "content_type":7,
         "object_id":1
      }
   },
   {
      "model":"lava_results_app.namedtestattribute",
      "pk":16,
      "fields":{
         "name":"source",
         "value":"https://git.linaro.org/lava/lava-lab.git",
         "content_type":7,
         "object_id":1
      }
   },
   {
      "model":"lava_results_app.namedtestattribute",
      "pk":17,
      "fields":{
         "name":"boot.0.target.method",
         "value":"qemu",
         "content_type":7,
         "object_id":2
      }
   },
   {
      "model":"lava_results_app.namedtestattribute",
      "pk":18,
      "fields":{
         "name":"omitted.0.target.inline.name",
         "value":"prep-tmp-disk",
         "content_type":7,
         "object_id":2
      }
   },
   {
      "model":"lava_results_app.namedtestattribute",
      "pk":19,
      "fields":{
         "name":"omitted.0.target.inline.path",
         "value":"inline/prep.yaml",
         "content_type":7,
         "object_id":2
      }
   },
   {
      "model":"lava_results_app.namedtestattribute",
      "pk":20,
      "fields":{
         "name":"test.1.target.definition.name",
         "value":"ltp-filecaps-tests",
         "content_type":7,
         "object_id":2
      }
   },
   {
      "model":"lava_results_app.namedtestattribute",
      "pk":21,
      "fields":{
         "name":"test.1.target.definition.path",
         "value":"automated/linux/ltp/ltp.yaml",
         "content_type":7,
         "object_id":2
      }
   },
   {
      "model":"lava_results_app.namedtestattribute",
      "pk":22,
      "fields":{
         "name":"test.1.target.definition.from",
         "value":"git",
         "content_type":7,
         "object_id":2
      }
   },
   {
      "model":"lava_results_app.namedtestattribute",
      "pk":23,
      "fields":{
         "name":"test.1.target.definition.repository",
         "value":"https://github.com/Linaro/test-definitions.git",
         "content_type":7,
         "object_id":2
      }
   },
   {
      "model":"lava_results_app.namedtestattribute",
      "pk":24,
      "fields":{
         "name":"test.1.target.definition.parameters.BOARD",
         "value":"qemu_i386",
         "content_type":7,
         "object_id":2
      }
   },
   {
      "model":"lava_results_app.namedtestattribute",
      "pk":25,
      "fields":{
         "name":"test.1.target.definition.parameters.BRANCH",
         "value":"5.6",
         "content_type":7,
         "object_id":2
      }
   },
   {
      "model":"lava_results_app.namedtestattribute",
      "pk":26,
      "fields":{
         "name":"test.1.target.definition.parameters.ENVIRONMENT",
         "value":"production",
         "content_type":7,
         "object_id":2
      }
   },
   {
      "model":"lava_results_app.namedtestattribute",
      "pk":27,
      "fields":{
         "name":"test.1.target.definition.parameters.LTP_TMPDIR",
         "value":"/scratch",
         "content_type":7,
         "object_id":2
      }
   },
   {
      "model":"lava_results_app.namedtestattribute",
      "pk":28,
      "fields":{
         "name":"test.1.target.definition.parameters.SKIPFILE",
         "value":"skipfile-lkft.yaml",
         "content_type":7,
         "object_id":2
      }
   },
   {
      "model":"lava_results_app.namedtestattribute",
      "pk":29,
      "fields":{
         "name":"test.1.target.definition.parameters.SKIP_INSTALL",
         "value":"true",
         "content_type":7,
         "object_id":2
      }
   },
   {
      "model":"lava_results_app.namedtestattribute",
      "pk":30,
      "fields":{
         "name":"test.1.target.definition.parameters.TIMEOUT_MULTIPLIER",
         "value":"3",
         "content_type":7,
         "object_id":2
      }
   },
   {
      "model":"lava_results_app.namedtestattribute",
      "pk":31,
      "fields":{
         "name":"test.1.target.definition.parameters.TST_CMDFILES",
         "value":"filecaps",
         "content_type":7,
         "object_id":2
      }
   },
   {
      "model":"lava_results_app.namedtestattribute",
      "pk":32,
      "fields":{
         "name":"test.2.target.definition.name",
         "value":"ltp-fs_bind-tests",
         "content_type":7,
         "object_id":2
      }
   },
   {
      "model":"lava_results_app.namedtestattribute",
      "pk":33,
      "fields":{
         "name":"test.2.target.definition.path",
         "value":"automated/linux/ltp/ltp.yaml",
         "content_type":7,
         "object_id":2
      }
   },
   {
      "model":"lava_results_app.namedtestattribute",
      "pk":34,
      "fields":{
         "name":"test.2.target.definition.from",
         "value":"git",
         "content_type":7,
         "object_id":2
      }
   },
   {
      "model":"lava_results_app.namedtestattribute",
      "pk":35,
      "fields":{
         "name":"test.2.target.definition.repository",
         "value":"https://github.com/Linaro/test-definitions.git",
         "content_type":7,
         "object_id":2
      }
   },
   {
      "model":"lava_results_app.namedtestattribute",
      "pk":36,
      "fields":{
         "name":"test.2.target.definition.parameters.BOARD",
         "value":"qemu_i386",
         "content_type":7,
         "object_id":2
      }
   },
   {
      "model":"lava_results_app.namedtestattribute",
      "pk":37,
      "fields":{
         "name":"test.2.target.definition.parameters.BRANCH",
         "value":"5.6",
         "content_type":7,
         "object_id":2
      }
   },
   {
      "model":"lava_results_app.namedtestattribute",
      "pk":38,
      "fields":{
         "name":"test.2.target.definition.parameters.ENVIRONMENT",
         "value":"production",
         "content_type":7,
         "object_id":2
      }
   },
   {
      "model":"lava_results_app.namedtestattribute",
      "pk":39,
      "fields":{
         "name":"test.2.target.definition.parameters.LTP_TMPDIR",
         "value":"/scratch",
         "content_type":7,
         "object_id":2
      }
   },
   {
      "model":"lava_results_app.namedtestattribute",
      "pk":40,
      "fields":{
         "name":"test.2.target.definition.parameters.SKIPFILE",
         "value":"skipfile-lkft.yaml",
         "content_type":7,
         "object_id":2
      }
   },
   {
      "model":"lava_results_app.namedtestattribute",
      "pk":41,
      "fields":{
         "name":"test.2.target.definition.parameters.SKIP_INSTALL",
         "value":"true",
         "content_type":7,
         "object_id":2
      }
   },
   {
      "model":"lava_results_app.namedtestattribute",
      "pk":42,
      "fields":{
         "name":"test.2.target.definition.parameters.TIMEOUT_MULTIPLIER",
         "value":"3",
         "content_type":7,
         "object_id":2
      }
   },
   {
      "model":"lava_results_app.namedtestattribute",
      "pk":43,
      "fields":{
         "name":"test.2.target.definition.parameters.TST_CMDFILES",
         "value":"fs_bind",
         "content_type":7,
         "object_id":2
      }
   },
   {
      "model":"lava_results_app.namedtestattribute",
      "pk":44,
      "fields":{
         "name":"test.3.target.definition.name",
         "value":"ltp-fs_perms_simple-tests",
         "content_type":7,
         "object_id":2
      }
   },
   {
      "model":"lava_results_app.namedtestattribute",
      "pk":45,
      "fields":{
         "name":"test.3.target.definition.path",
         "value":"automated/linux/ltp/ltp.yaml",
         "content_type":7,
         "object_id":2
      }
   },
   {
      "model":"lava_results_app.namedtestattribute",
      "pk":46,
      "fields":{
         "name":"test.3.target.definition.from",
         "value":"git",
         "content_type":7,
         "object_id":2
      }
   },
   {
      "model":"lava_results_app.namedtestattribute",
      "pk":47,
      "fields":{
         "name":"test.3.target.definition.repository",
         "value":"https://github.com/Linaro/test-definitions.git",
         "content_type":7,
         "object_id":2
      }
   },
   {
      "model":"lava_results_app.namedtestattribute",
      "pk":48,
      "fields":{
         "name":"test.3.target.definition.parameters.BOARD",
         "value":"qemu_i386",
         "content_type":7,
         "object_id":2
      }
   },
   {
      "model":"lava_results_app.namedtestattribute",
      "pk":49,
      "fields":{
         "name":"test.3.target.definition.parameters.BRANCH",
         "value":"5.6",
         "content_type":7,
         "object_id":2
      }
   },
   {
      "model":"lava_results_app.namedtestattribute",
      "pk":50,
      "fields":{
         "name":"test.3.target.definition.parameters.ENVIRONMENT",
         "value":"production",
         "content_type":7,
         "object_id":2
      }
   },
   {
      "model":"lava_results_app.namedtestattribute",
      "pk":51,
      "fields":{
         "name":"test.3.target.definition.parameters.LTP_TMPDIR",
         "value":"/scratch",
         "content_type":7,
         "object_id":2
      }
   },
   {
      "model":"lava_results_app.namedtestattribute",
      "pk":52,
      "fields":{
         "name":"test.3.target.definition.parameters.SKIPFILE",
         "value":"skipfile-lkft.yaml",
         "content_type":7,
         "object_id":2
      }
   },
   {
      "model":"lava_results_app.namedtestattribute",
      "pk":53,
      "fields":{
         "name":"test.3.target.definition.parameters.SKIP_INSTALL",
         "value":"true",
         "content_type":7,
         "object_id":2
      }
   },
   {
      "model":"lava_results_app.namedtestattribute",
      "pk":54,
      "fields":{
         "name":"test.3.target.definition.parameters.TIMEOUT_MULTIPLIER",
         "value":"3",
         "content_type":7,
         "object_id":2
      }
   },
   {
      "model":"lava_results_app.namedtestattribute",
      "pk":55,
      "fields":{
         "name":"test.3.target.definition.parameters.TST_CMDFILES",
         "value":"fs_perms_simple",
         "content_type":7,
         "object_id":2
      }
   },
   {
      "model":"lava_results_app.namedtestattribute",
      "pk":56,
      "fields":{
         "name":"test.4.target.definition.name",
         "value":"ltp-fsx-tests",
         "content_type":7,
         "object_id":2
      }
   },
   {
      "model":"lava_results_app.namedtestattribute",
      "pk":57,
      "fields":{
         "name":"test.4.target.definition.path",
         "value":"automated/linux/ltp/ltp.yaml",
         "content_type":7,
         "object_id":2
      }
   },
   {
      "model":"lava_results_app.namedtestattribute",
      "pk":58,
      "fields":{
         "name":"test.4.target.definition.from",
         "value":"git",
         "content_type":7,
         "object_id":2
      }
   },
   {
      "model":"lava_results_app.namedtestattribute",
      "pk":59,
      "fields":{
         "name":"test.4.target.definition.repository",
         "value":"https://github.com/Linaro/test-definitions.git",
         "content_type":7,
         "object_id":2
      }
   },
   {
      "model":"lava_results_app.namedtestattribute",
      "pk":60,
      "fields":{
         "name":"test.4.target.definition.parameters.BOARD",
         "value":"qemu_i386",
         "content_type":7,
         "object_id":2
      }
   },
   {
      "model":"lava_results_app.namedtestattribute",
      "pk":61,
      "fields":{
         "name":"test.4.target.definition.parameters.BRANCH",
         "value":"5.6",
         "content_type":7,
         "object_id":2
      }
   },
   {
      "model":"lava_results_app.namedtestattribute",
      "pk":62,
      "fields":{
         "name":"test.4.target.definition.parameters.ENVIRONMENT",
         "value":"production",
         "content_type":7,
         "object_id":2
      }
   },
   {
      "model":"lava_results_app.namedtestattribute",
      "pk":63,
      "fields":{
         "name":"test.4.target.definition.parameters.LTP_TMPDIR",
         "value":"/scratch",
         "content_type":7,
         "object_id":2
      }
   },
   {
      "model":"lava_results_app.namedtestattribute",
      "pk":64,
      "fields":{
         "name":"test.4.target.definition.parameters.SKIPFILE",
         "value":"skipfile-lkft.yaml",
         "content_type":7,
         "object_id":2
      }
   },
   {
      "model":"lava_results_app.namedtestattribute",
      "pk":65,
      "fields":{
         "name":"test.4.target.definition.parameters.SKIP_INSTALL",
         "value":"true",
         "content_type":7,
         "object_id":2
      }
   },
   {
      "model":"lava_results_app.namedtestattribute",
      "pk":66,
      "fields":{
         "name":"test.4.target.definition.parameters.TIMEOUT_MULTIPLIER",
         "value":"3",
         "content_type":7,
         "object_id":2
      }
   },
   {
      "model":"lava_results_app.namedtestattribute",
      "pk":67,
      "fields":{
         "name":"test.4.target.definition.parameters.TST_CMDFILES",
         "value":"fsx",
         "content_type":7,
         "object_id":2
      }
   },
   {
      "model":"lava_results_app.namedtestattribute",
      "pk":68,
      "fields":{
         "name":"definition-checksum",
         "value":"5929cff76a790a19e9b24a6a2556af56",
         "content_type":7,
         "object_id":2
      }
   },
   {
      "model":"lava_results_app.namedtestattribute",
      "pk":69,
      "fields":{
         "name":"lava-server-version",
         "value":"2020.04",
         "content_type":7,
         "object_id":2
      }
   },
   {
      "model":"lava_results_app.namedtestattribute",
      "pk":70,
      "fields":{
         "name":"target.device_type",
         "value":"qemu",
         "content_type":7,
         "object_id":2
      }
   },
   {
      "model":"lava_results_app.namedtestattribute",
      "pk":71,
      "fields":{
         "name":"build-location",
         "value":"http://snapshots.linaro.org/openembedded/lkft/lkft/sumo/intel-core2-32/lkft/linux-stable-rc-5.6/31",
         "content_type":7,
         "object_id":2
      }
   },
   {
      "model":"lava_results_app.namedtestattribute",
      "pk":72,
      "fields":{
         "name":"build-url",
         "value":"https://ci.linaro.org/job/openembedded-lkft-linux-stable-rc-5.6/DISTRO=lkft,MACHINE=intel-core2-32,label=docker-lkft/31/",
         "content_type":7,
         "object_id":2
      }
   },
   {
      "model":"lava_results_app.namedtestattribute",
      "pk":73,
      "fields":{
         "name":"git branch",
         "value":"linux-5.6.y",
         "content_type":7,
         "object_id":2
      }
   },
   {
      "model":"lava_results_app.namedtestattribute",
      "pk":74,
      "fields":{
         "name":"git commit",
         "value":"63c3d497410788af1804579f0cded007318c5991",
         "content_type":7,
         "object_id":2
      }
   },
   {
      "model":"lava_results_app.namedtestattribute",
      "pk":75,
      "fields":{
         "name":"git describe",
         "value":"v5.6.8",
         "content_type":7,
         "object_id":2
      }
   },
   {
      "model":"lava_results_app.namedtestattribute",
      "pk":76,
      "fields":{
         "name":"git repo",
         "value":"https://git.kernel.org/pub/scm/linux/kernel/git/stable/linux-stable-rc.git",
         "content_type":7,
         "object_id":2
      }
   },
   {
      "model":"lava_results_app.namedtestattribute",
      "pk":77,
      "fields":{
         "name":"kernel-config",
         "value":"http://snapshots.linaro.org/openembedded/lkft/lkft/sumo/intel-core2-32/lkft/linux-stable-rc-5.6/31/config",
         "content_type":7,
         "object_id":2
      }
   },
   {
      "model":"lava_results_app.namedtestattribute",
      "pk":78,
      "fields":{
         "name":"kernel-defconfig",
         "value":"http://snapshots.linaro.org/openembedded/lkft/lkft/sumo/intel-core2-32/lkft/linux-stable-rc-5.6/31/defconfig",
         "content_type":7,
         "object_id":2
      }
   },
   {
      "model":"lava_results_app.namedtestattribute",
      "pk":79,
      "fields":{
         "name":"ltp-filecaps-tests__revision",
         "value":"4079aaf264d0e9ead042b59d1c5f4e643620d0d5",
         "content_type":7,
         "object_id":2
      }
   },
   {
      "model":"lava_results_app.namedtestattribute",
      "pk":80,
      "fields":{
         "name":"ltp-filecaps-tests__url",
         "value":"git://github.com/linux-test-project/ltp.git",
         "content_type":7,
         "object_id":2
      }
   },
   {
      "model":"lava_results_app.namedtestattribute",
      "pk":81,
      "fields":{
         "name":"ltp-filecaps-tests__version",
         "value":"20200120",
         "content_type":7,
         "object_id":2
      }
   },
   {
      "model":"lava_results_app.namedtestattribute",
      "pk":82,
      "fields":{
         "name":"ltp-fs_bind-tests__revision",
         "value":"4079aaf264d0e9ead042b59d1c5f4e643620d0d5",
         "content_type":7,
         "object_id":2
      }
   },
   {
      "model":"lava_results_app.namedtestattribute",
      "pk":83,
      "fields":{
         "name":"ltp-fs_bind-tests__url",
         "value":"git://github.com/linux-test-project/ltp.git",
         "content_type":7,
         "object_id":2
      }
   },
   {
      "model":"lava_results_app.namedtestattribute",
      "pk":84,
      "fields":{
         "name":"ltp-fs_bind-tests__version",
         "value":"20200120",
         "content_type":7,
         "object_id":2
      }
   },
   {
      "model":"lava_results_app.namedtestattribute",
      "pk":85,
      "fields":{
         "name":"ltp-fs_perms_simple-tests__revision",
         "value":"4079aaf264d0e9ead042b59d1c5f4e643620d0d5",
         "content_type":7,
         "object_id":2
      }
   },
   {
      "model":"lava_results_app.namedtestattribute",
      "pk":86,
      "fields":{
         "name":"ltp-fs_perms_simple-tests__url",
         "value":"git://github.com/linux-test-project/ltp.git",
         "content_type":7,
         "object_id":2
      }
   },
   {
      "model":"lava_results_app.namedtestattribute",
      "pk":87,
      "fields":{
         "name":"ltp-fs_perms_simple-tests__version",
         "value":"20200120",
         "content_type":7,
         "object_id":2
      }
   },
   {
      "model":"lava_results_app.namedtestattribute",
      "pk":88,
      "fields":{
         "name":"ltp-fsx-tests__revision",
         "value":"4079aaf264d0e9ead042b59d1c5f4e643620d0d5",
         "content_type":7,
         "object_id":2
      }
   },
   {
      "model":"lava_results_app.namedtestattribute",
      "pk":89,
      "fields":{
         "name":"ltp-fsx-tests__url",
         "value":"git://github.com/linux-test-project/ltp.git",
         "content_type":7,
         "object_id":2
      }
   },
   {
      "model":"lava_results_app.namedtestattribute",
      "pk":90,
      "fields":{
         "name":"ltp-fsx-tests__version",
         "value":"20200120",
         "content_type":7,
         "object_id":2
      }
   },
   {
      "model":"lava_results_app.namedtestattribute",
      "pk":91,
      "fields":{
         "name":"make_kernelversion",
         "value":"5.6.8",
         "content_type":7,
         "object_id":2
      }
   },
   {
      "model":"lava_results_app.namedtestattribute",
      "pk":92,
      "fields":{
         "name":"series",
         "value":"lkft",
         "content_type":7,
         "object_id":2
      }
   },
   {
      "model":"lava_results_app.namedtestattribute",
      "pk":93,
      "fields":{
         "name":"toolchain",
         "value":"i686-linaro-linux 7.%",
         "content_type":7,
         "object_id":2
      }
   },
   {
      "model":"lava_results_app.namedtestattribute",
      "pk":94,
      "fields":{
         "name":"boot.0.target.method",
         "value":"qemu",
         "content_type":7,
         "object_id":3
      }
   },
   {
      "model":"lava_results_app.namedtestattribute",
      "pk":95,
      "fields":{
         "name":"omitted.0.target.inline.name",
         "value":"prep-tmp-disk",
         "content_type":7,
         "object_id":3
      }
   },
   {
      "model":"lava_results_app.namedtestattribute",
      "pk":96,
      "fields":{
         "name":"omitted.0.target.inline.path",
         "value":"inline/prep.yaml",
         "content_type":7,
         "object_id":3
      }
   },
   {
      "model":"lava_results_app.namedtestattribute",
      "pk":97,
      "fields":{
         "name":"test.1.target.definition.name",
         "value":"ltp-filecaps-tests",
         "content_type":7,
         "object_id":3
      }
   },
   {
      "model":"lava_results_app.namedtestattribute",
      "pk":98,
      "fields":{
         "name":"test.1.target.definition.path",
         "value":"automated/linux/ltp/ltp.yaml",
         "content_type":7,
         "object_id":3
      }
   },
   {
      "model":"lava_results_app.namedtestattribute",
      "pk":99,
      "fields":{
         "name":"test.1.target.definition.from",
         "value":"git",
         "content_type":7,
         "object_id":3
      }
   },
   {
      "model":"lava_results_app.namedtestattribute",
      "pk":100,
      "fields":{
         "name":"test.1.target.definition.repository",
         "value":"https://github.com/Linaro/test-definitions.git",
         "content_type":7,
         "object_id":3
      }
   },
   {
      "model":"lava_results_app.namedtestattribute",
      "pk":101,
      "fields":{
         "name":"test.1.target.definition.parameters.BOARD",
         "value":"qemu_i386",
         "content_type":7,
         "object_id":3
      }
   },
   {
      "model":"lava_results_app.namedtestattribute",
      "pk":102,
      "fields":{
         "name":"test.1.target.definition.parameters.BRANCH",
         "value":"5.6",
         "content_type":7,
         "object_id":3
      }
   },
   {
      "model":"lava_results_app.namedtestattribute",
      "pk":103,
      "fields":{
         "name":"test.1.target.definition.parameters.ENVIRONMENT",
         "value":"production",
         "content_type":7,
         "object_id":3
      }
   },
   {
      "model":"lava_results_app.namedtestattribute",
      "pk":104,
      "fields":{
         "name":"test.1.target.definition.parameters.LTP_TMPDIR",
         "value":"/scratch",
         "content_type":7,
         "object_id":3
      }
   },
   {
      "model":"lava_results_app.namedtestattribute",
      "pk":105,
      "fields":{
         "name":"test.1.target.definition.parameters.SKIPFILE",
         "value":"skipfile-lkft.yaml",
         "content_type":7,
         "object_id":3
      }
   },
   {
      "model":"lava_results_app.namedtestattribute",
      "pk":106,
      "fields":{
         "name":"test.1.target.definition.parameters.SKIP_INSTALL",
         "value":"true",
         "content_type":7,
         "object_id":3
      }
   },
   {
      "model":"lava_results_app.namedtestattribute",
      "pk":107,
      "fields":{
         "name":"test.1.target.definition.parameters.TIMEOUT_MULTIPLIER",
         "value":"3",
         "content_type":7,
         "object_id":3
      }
   },
   {
      "model":"lava_results_app.namedtestattribute",
      "pk":108,
      "fields":{
         "name":"test.1.target.definition.parameters.TST_CMDFILES",
         "value":"filecaps",
         "content_type":7,
         "object_id":3
      }
   },
   {
      "model":"lava_results_app.namedtestattribute",
      "pk":109,
      "fields":{
         "name":"test.2.target.definition.name",
         "value":"ltp-fs_bind-tests",
         "content_type":7,
         "object_id":3
      }
   },
   {
      "model":"lava_results_app.namedtestattribute",
      "pk":110,
      "fields":{
         "name":"test.2.target.definition.path",
         "value":"automated/linux/ltp/ltp.yaml",
         "content_type":7,
         "object_id":3
      }
   },
   {
      "model":"lava_results_app.namedtestattribute",
      "pk":111,
      "fields":{
         "name":"test.2.target.definition.from",
         "value":"git",
         "content_type":7,
         "object_id":3
      }
   },
   {
      "model":"lava_results_app.namedtestattribute",
      "pk":112,
      "fields":{
         "name":"test.2.target.definition.repository",
         "value":"https://github.com/Linaro/test-definitions.git",
         "content_type":7,
         "object_id":3
      }
   },
   {
      "model":"lava_results_app.namedtestattribute",
      "pk":113,
      "fields":{
         "name":"test.2.target.definition.parameters.BOARD",
         "value":"qemu_i386",
         "content_type":7,
         "object_id":3
      }
   },
   {
      "model":"lava_results_app.namedtestattribute",
      "pk":114,
      "fields":{
         "name":"test.2.target.definition.parameters.BRANCH",
         "value":"5.6",
         "content_type":7,
         "object_id":3
      }
   },
   {
      "model":"lava_results_app.namedtestattribute",
      "pk":115,
      "fields":{
         "name":"test.2.target.definition.parameters.ENVIRONMENT",
         "value":"production",
         "content_type":7,
         "object_id":3
      }
   },
   {
      "model":"lava_results_app.namedtestattribute",
      "pk":116,
      "fields":{
         "name":"test.2.target.definition.parameters.LTP_TMPDIR",
         "value":"/scratch",
         "content_type":7,
         "object_id":3
      }
   },
   {
      "model":"lava_results_app.namedtestattribute",
      "pk":117,
      "fields":{
         "name":"test.2.target.definition.parameters.SKIPFILE",
         "value":"skipfile-lkft.yaml",
         "content_type":7,
         "object_id":3
      }
   },
   {
      "model":"lava_results_app.namedtestattribute",
      "pk":118,
      "fields":{
         "name":"test.2.target.definition.parameters.SKIP_INSTALL",
         "value":"true",
         "content_type":7,
         "object_id":3
      }
   },
   {
      "model":"lava_results_app.namedtestattribute",
      "pk":119,
      "fields":{
         "name":"test.2.target.definition.parameters.TIMEOUT_MULTIPLIER",
         "value":"3",
         "content_type":7,
         "object_id":3
      }
   },
   {
      "model":"lava_results_app.namedtestattribute",
      "pk":120,
      "fields":{
         "name":"test.2.target.definition.parameters.TST_CMDFILES",
         "value":"fs_bind",
         "content_type":7,
         "object_id":3
      }
   },
   {
      "model":"lava_results_app.namedtestattribute",
      "pk":121,
      "fields":{
         "name":"test.3.target.definition.name",
         "value":"ltp-fs_perms_simple-tests",
         "content_type":7,
         "object_id":3
      }
   },
   {
      "model":"lava_results_app.namedtestattribute",
      "pk":122,
      "fields":{
         "name":"test.3.target.definition.path",
         "value":"automated/linux/ltp/ltp.yaml",
         "content_type":7,
         "object_id":3
      }
   },
   {
      "model":"lava_results_app.namedtestattribute",
      "pk":123,
      "fields":{
         "name":"test.3.target.definition.from",
         "value":"git",
         "content_type":7,
         "object_id":3
      }
   },
   {
      "model":"lava_results_app.namedtestattribute",
      "pk":124,
      "fields":{
         "name":"test.3.target.definition.repository",
         "value":"https://github.com/Linaro/test-definitions.git",
         "content_type":7,
         "object_id":3
      }
   },
   {
      "model":"lava_results_app.namedtestattribute",
      "pk":125,
      "fields":{
         "name":"test.3.target.definition.parameters.BOARD",
         "value":"qemu_i386",
         "content_type":7,
         "object_id":3
      }
   },
   {
      "model":"lava_results_app.namedtestattribute",
      "pk":126,
      "fields":{
         "name":"test.3.target.definition.parameters.BRANCH",
         "value":"5.6",
         "content_type":7,
         "object_id":3
      }
   },
   {
      "model":"lava_results_app.namedtestattribute",
      "pk":127,
      "fields":{
         "name":"test.3.target.definition.parameters.ENVIRONMENT",
         "value":"production",
         "content_type":7,
         "object_id":3
      }
   },
   {
      "model":"lava_results_app.namedtestattribute",
      "pk":128,
      "fields":{
         "name":"test.3.target.definition.parameters.LTP_TMPDIR",
         "value":"/scratch",
         "content_type":7,
         "object_id":3
      }
   },
   {
      "model":"lava_results_app.namedtestattribute",
      "pk":129,
      "fields":{
         "name":"test.3.target.definition.parameters.SKIPFILE",
         "value":"skipfile-lkft.yaml",
         "content_type":7,
         "object_id":3
      }
   },
   {
      "model":"lava_results_app.namedtestattribute",
      "pk":130,
      "fields":{
         "name":"test.3.target.definition.parameters.SKIP_INSTALL",
         "value":"true",
         "content_type":7,
         "object_id":3
      }
   },
   {
      "model":"lava_results_app.namedtestattribute",
      "pk":131,
      "fields":{
         "name":"test.3.target.definition.parameters.TIMEOUT_MULTIPLIER",
         "value":"3",
         "content_type":7,
         "object_id":3
      }
   },
   {
      "model":"lava_results_app.namedtestattribute",
      "pk":132,
      "fields":{
         "name":"test.3.target.definition.parameters.TST_CMDFILES",
         "value":"fs_perms_simple",
         "content_type":7,
         "object_id":3
      }
   },
   {
      "model":"lava_results_app.namedtestattribute",
      "pk":133,
      "fields":{
         "name":"test.4.target.definition.name",
         "value":"ltp-fsx-tests",
         "content_type":7,
         "object_id":3
      }
   },
   {
      "model":"lava_results_app.namedtestattribute",
      "pk":134,
      "fields":{
         "name":"test.4.target.definition.path",
         "value":"automated/linux/ltp/ltp.yaml",
         "content_type":7,
         "object_id":3
      }
   },
   {
      "model":"lava_results_app.namedtestattribute",
      "pk":135,
      "fields":{
         "name":"test.4.target.definition.from",
         "value":"git",
         "content_type":7,
         "object_id":3
      }
   },
   {
      "model":"lava_results_app.namedtestattribute",
      "pk":136,
      "fields":{
         "name":"test.4.target.definition.repository",
         "value":"https://github.com/Linaro/test-definitions.git",
         "content_type":7,
         "object_id":3
      }
   },
   {
      "model":"lava_results_app.namedtestattribute",
      "pk":137,
      "fields":{
         "name":"test.4.target.definition.parameters.BOARD",
         "value":"qemu_i386",
         "content_type":7,
         "object_id":3
      }
   },
   {
      "model":"lava_results_app.namedtestattribute",
      "pk":138,
      "fields":{
         "name":"test.4.target.definition.parameters.BRANCH",
         "value":"5.6",
         "content_type":7,
         "object_id":3
      }
   },
   {
      "model":"lava_results_app.namedtestattribute",
      "pk":139,
      "fields":{
         "name":"test.4.target.definition.parameters.ENVIRONMENT",
         "value":"production",
         "content_type":7,
         "object_id":3
      }
   },
   {
      "model":"lava_results_app.namedtestattribute",
      "pk":140,
      "fields":{
         "name":"test.4.target.definition.parameters.LTP_TMPDIR",
         "value":"/scratch",
         "content_type":7,
         "object_id":3
      }
   },
   {
      "model":"lava_results_app.namedtestattribute",
      "pk":141,
      "fields":{
         "name":"test.4.target.definition.parameters.SKIPFILE",
         "value":"skipfile-lkft.yaml",
         "content_type":7,
         "object_id":3
      }
   },
   {
      "model":"lava_results_app.namedtestattribute",
      "pk":142,
      "fields":{
         "name":"test.4.target.definition.parameters.SKIP_INSTALL",
         "value":"true",
         "content_type":7,
         "object_id":3
      }
   },
   {
      "model":"lava_results_app.namedtestattribute",
      "pk":143,
      "fields":{
         "name":"test.4.target.definition.parameters.TIMEOUT_MULTIPLIER",
         "value":"3",
         "content_type":7,
         "object_id":3
      }
   },
   {
      "model":"lava_results_app.namedtestattribute",
      "pk":144,
      "fields":{
         "name":"test.4.target.definition.parameters.TST_CMDFILES",
         "value":"fsx",
         "content_type":7,
         "object_id":3
      }
   },
   {
      "model":"lava_results_app.namedtestattribute",
      "pk":145,
      "fields":{
         "name":"definition-checksum",
         "value":"5929cff76a790a19e9b24a6a2556af56",
         "content_type":7,
         "object_id":3
      }
   },
   {
      "model":"lava_results_app.namedtestattribute",
      "pk":146,
      "fields":{
         "name":"lava-server-version",
         "value":"2020.04",
         "content_type":7,
         "object_id":3
      }
   },
   {
      "model":"lava_results_app.namedtestattribute",
      "pk":147,
      "fields":{
         "name":"target.device_type",
         "value":"qemu",
         "content_type":7,
         "object_id":3
      }
   },
   {
      "model":"lava_results_app.namedtestattribute",
      "pk":148,
      "fields":{
         "name":"build-location",
         "value":"http://snapshots.linaro.org/openembedded/lkft/lkft/sumo/intel-core2-32/lkft/linux-stable-rc-5.6/31",
         "content_type":7,
         "object_id":3
      }
   },
   {
      "model":"lava_results_app.namedtestattribute",
      "pk":149,
      "fields":{
         "name":"build-url",
         "value":"https://ci.linaro.org/job/openembedded-lkft-linux-stable-rc-5.6/DISTRO=lkft,MACHINE=intel-core2-32,label=docker-lkft/31/",
         "content_type":7,
         "object_id":3
      }
   },
   {
      "model":"lava_results_app.namedtestattribute",
      "pk":150,
      "fields":{
         "name":"git branch",
         "value":"linux-5.6.y",
         "content_type":7,
         "object_id":3
      }
   },
   {
      "model":"lava_results_app.namedtestattribute",
      "pk":151,
      "fields":{
         "name":"git commit",
         "value":"63c3d497410788af1804579f0cded007318c5991",
         "content_type":7,
         "object_id":3
      }
   },
   {
      "model":"lava_results_app.namedtestattribute",
      "pk":152,
      "fields":{
         "name":"git describe",
         "value":"v5.6.8",
         "content_type":7,
         "object_id":3
      }
   },
   {
      "model":"lava_results_app.namedtestattribute",
      "pk":153,
      "fields":{
         "name":"git repo",
         "value":"https://git.kernel.org/pub/scm/linux/kernel/git/stable/linux-stable-rc.git",
         "content_type":7,
         "object_id":3
      }
   },
   {
      "model":"lava_results_app.namedtestattribute",
      "pk":154,
      "fields":{
         "name":"job.original",
         "value":"http://example.com/scheduler/job/2",
         "content_type":7,
         "object_id":3
      }
   },
   {
      "model":"lava_results_app.namedtestattribute",
      "pk":155,
      "fields":{
         "name":"kernel-config",
         "value":"http://snapshots.linaro.org/openembedded/lkft/lkft/sumo/intel-core2-32/lkft/linux-stable-rc-5.6/31/config",
         "content_type":7,
         "object_id":3
      }
   },
   {
      "model":"lava_results_app.namedtestattribute",
      "pk":156,
      "fields":{
         "name":"kernel-defconfig",
         "value":"http://snapshots.linaro.org/openembedded/lkft/lkft/sumo/intel-core2-32/lkft/linux-stable-rc-5.6/31/defconfig",
         "content_type":7,
         "object_id":3
      }
   },
   {
      "model":"lava_results_app.namedtestattribute",
      "pk":157,
      "fields":{
         "name":"ltp-filecaps-tests__revision",
         "value":"4079aaf264d0e9ead042b59d1c5f4e643620d0d5",
         "content_type":7,
         "object_id":3
      }
   },
   {
      "model":"lava_results_app.namedtestattribute",
      "pk":158,
      "fields":{
         "name":"ltp-filecaps-tests__url",
         "value":"git://github.com/linux-test-project/ltp.git",
         "content_type":7,
         "object_id":3
      }
   },
   {
      "model":"lava_results_app.namedtestattribute",
      "pk":159,
      "fields":{
         "name":"ltp-filecaps-tests__version",
         "value":"20200120",
         "content_type":7,
         "object_id":3
      }
   },
   {
      "model":"lava_results_app.namedtestattribute",
      "pk":160,
      "fields":{
         "name":"ltp-fs_bind-tests__revision",
         "value":"4079aaf264d0e9ead042b59d1c5f4e643620d0d5",
         "content_type":7,
         "object_id":3
      }
   },
   {
      "model":"lava_results_app.namedtestattribute",
      "pk":161,
      "fields":{
         "name":"ltp-fs_bind-tests__url",
         "value":"git://github.com/linux-test-project/ltp.git",
         "content_type":7,
         "object_id":3
      }
   },
   {
      "model":"lava_results_app.namedtestattribute",
      "pk":162,
      "fields":{
         "name":"ltp-fs_bind-tests__version",
         "value":"20200120",
         "content_type":7,
         "object_id":3
      }
   },
   {
      "model":"lava_results_app.namedtestattribute",
      "pk":163,
      "fields":{
         "name":"ltp-fs_perms_simple-tests__revision",
         "value":"4079aaf264d0e9ead042b59d1c5f4e643620d0d5",
         "content_type":7,
         "object_id":3
      }
   },
   {
      "model":"lava_results_app.namedtestattribute",
      "pk":164,
      "fields":{
         "name":"ltp-fs_perms_simple-tests__url",
         "value":"git://github.com/linux-test-project/ltp.git",
         "content_type":7,
         "object_id":3
      }
   },
   {
      "model":"lava_results_app.namedtestattribute",
      "pk":165,
      "fields":{
         "name":"ltp-fs_perms_simple-tests__version",
         "value":"20200120",
         "content_type":7,
         "object_id":3
      }
   },
   {
      "model":"lava_results_app.namedtestattribute",
      "pk":166,
      "fields":{
         "name":"ltp-fsx-tests__revision",
         "value":"4079aaf264d0e9ead042b59d1c5f4e643620d0d5",
         "content_type":7,
         "object_id":3
      }
   },
   {
      "model":"lava_results_app.namedtestattribute",
      "pk":167,
      "fields":{
         "name":"ltp-fsx-tests__url",
         "value":"git://github.com/linux-test-project/ltp.git",
         "content_type":7,
         "object_id":3
      }
   },
   {
      "model":"lava_results_app.namedtestattribute",
      "pk":168,
      "fields":{
         "name":"ltp-fsx-tests__version",
         "value":"20200120",
         "content_type":7,
         "object_id":3
      }
   },
   {
      "model":"lava_results_app.namedtestattribute",
      "pk":169,
      "fields":{
         "name":"make_kernelversion",
         "value":"5.6.8",
         "content_type":7,
         "object_id":3
      }
   },
   {
      "model":"lava_results_app.namedtestattribute",
      "pk":170,
      "fields":{
         "name":"series",
         "value":"lkft",
         "content_type":7,
         "object_id":3
      }
   },
   {
      "model":"lava_results_app.namedtestattribute",
      "pk":171,
      "fields":{
         "name":"toolchain",
         "value":"i686-linaro-linux 7.%",
         "content_type":7,
         "object_id":3
      }
   },
   {
      "model":"lava_results_app.testdata",
      "pk":1,
      "fields":{
         "testjob":1
      }
   },
   {
      "model":"lava_results_app.testdata",
      "pk":2,
      "fields":{
         "testjob":2
      }
   },
   {
      "model":"lava_results_app.testdata",
      "pk":3,
      "fields":{
         "testjob":3
      }
   },
   {
      "model":"lava_results_app.actiondata",
      "pk":1,
      "fields":{
         "action_name":"deployimages",
         "action_level":"1",
         "action_summary":"deploy images",
         "action_description":"deploy images using guestfs",
         "meta_type":1,
         "testdata":1,
         "yaml_line":null,
         "description_line":null,
         "log_section":null,
         "duration":null,
         "timeout":30,
         "testcase":null,
         "count":null,
         "max_retries":1
      }
   },
   {
      "model":"lava_results_app.actiondata",
      "pk":2,
      "fields":{
         "action_name":"download-retry",
         "action_level":"1.1",
         "action_summary":"download-retry",
         "action_description":"download with retry",
         "meta_type":1,
         "testdata":1,
         "yaml_line":null,
         "description_line":null,
         "log_section":null,
         "duration":null,
         "timeout":30,
         "testcase":null,
         "count":null,
         "max_retries":3
      }
   },
   {
      "model":"lava_results_app.actiondata",
      "pk":3,
      "fields":{
         "action_name":"http-download",
         "action_level":"1.1.1",
         "action_summary":"http download",
         "action_description":"use http to download the file",
         "meta_type":1,
         "testdata":1,
         "yaml_line":null,
         "description_line":null,
         "log_section":null,
         "duration":null,
         "timeout":30,
         "testcase":2,
         "count":null,
         "max_retries":1
      }
   },
   {
      "model":"lava_results_app.actiondata",
      "pk":4,
      "fields":{
         "action_name":"lava-overlay",
         "action_level":"1.2",
         "action_summary":"overlay the lava support scripts",
         "action_description":"add lava scripts during deployment for test shell use",
         "meta_type":1,
         "testdata":1,
         "yaml_line":null,
         "description_line":null,
         "log_section":null,
         "duration":null,
         "timeout":30,
         "testcase":null,
         "count":null,
         "max_retries":1
      }
   },
   {
      "model":"lava_results_app.actiondata",
      "pk":5,
      "fields":{
         "action_name":"lava-vland-overlay",
         "action_level":"1.2.1",
         "action_summary":"Add files detailing vlan configuration.",
         "action_description":"Populate specific vland scripts for tests to lookup vlan data.",
         "meta_type":1,
         "testdata":1,
         "yaml_line":null,
         "description_line":null,
         "log_section":null,
         "duration":null,
         "timeout":30,
         "testcase":null,
         "count":null,
         "max_retries":1
      }
   },
   {
      "model":"lava_results_app.actiondata",
      "pk":6,
      "fields":{
         "action_name":"lava-multinode-overlay",
         "action_level":"1.2.2",
         "action_summary":"overlay the lava multinode scripts",
         "action_description":"add lava scripts during deployment for multinode test shell use",
         "meta_type":1,
         "testdata":1,
         "yaml_line":null,
         "description_line":null,
         "log_section":null,
         "duration":null,
         "timeout":30,
         "testcase":null,
         "count":null,
         "max_retries":1
      }
   },
   {
      "model":"lava_results_app.actiondata",
      "pk":7,
      "fields":{
         "action_name":"test-definition",
         "action_level":"1.2.3",
         "action_summary":"loading test definitions",
         "action_description":"load test definitions into image",
         "meta_type":1,
         "testdata":1,
         "yaml_line":null,
         "description_line":null,
         "log_section":null,
         "duration":null,
         "timeout":30,
         "testcase":null,
         "count":null,
         "max_retries":1
      }
   },
   {
      "model":"lava_results_app.actiondata",
      "pk":8,
      "fields":{
         "action_name":"inline-repo-action",
         "action_level":"1.2.3.1",
         "action_summary":"exctract inline test definition",
         "action_description":"apply inline test defintion to the test image",
         "meta_type":1,
         "testdata":1,
         "yaml_line":null,
         "description_line":null,
         "log_section":null,
         "duration":null,
         "timeout":30,
         "testcase":null,
         "count":null,
         "max_retries":1
      }
   },
   {
      "model":"lava_results_app.actiondata",
      "pk":9,
      "fields":{
         "action_name":"test-overlay",
         "action_level":"1.2.3.2",
         "action_summary":"applying LAVA test overlay",
         "action_description":"overlay test support files onto image",
         "meta_type":1,
         "testdata":1,
         "yaml_line":null,
         "description_line":null,
         "log_section":null,
         "duration":null,
         "timeout":30,
         "testcase":3,
         "count":null,
         "max_retries":1
      }
   },
   {
      "model":"lava_results_app.actiondata",
      "pk":10,
      "fields":{
         "action_name":"test-install-overlay",
         "action_level":"1.2.3.3",
         "action_summary":"applying LAVA test install scripts",
         "action_description":"overlay dependency installation support files onto image",
         "meta_type":1,
         "testdata":1,
         "yaml_line":null,
         "description_line":null,
         "log_section":null,
         "duration":null,
         "timeout":30,
         "testcase":4,
         "count":null,
         "max_retries":1
      }
   },
   {
      "model":"lava_results_app.actiondata",
      "pk":11,
      "fields":{
         "action_name":"test-runscript-overlay",
         "action_level":"1.2.3.4",
         "action_summary":"applying LAVA test run script",
         "action_description":"overlay run script onto image",
         "meta_type":1,
         "testdata":1,
         "yaml_line":null,
         "description_line":null,
         "log_section":null,
         "duration":null,
         "timeout":30,
         "testcase":5,
         "count":null,
         "max_retries":1
      }
   },
   {
      "model":"lava_results_app.actiondata",
      "pk":12,
      "fields":{
         "action_name":"git-repo-action",
         "action_level":"1.2.3.5",
         "action_summary":"clone git test repo",
         "action_description":"apply git repository of tests to the test image",
         "meta_type":1,
         "testdata":1,
         "yaml_line":null,
         "description_line":null,
         "log_section":null,
         "duration":null,
         "timeout":30,
         "testcase":6,
         "count":null,
         "max_retries":1
      }
   },
   {
      "model":"lava_results_app.actiondata",
      "pk":13,
      "fields":{
         "action_name":"test-overlay",
         "action_level":"1.2.3.6",
         "action_summary":"applying LAVA test overlay",
         "action_description":"overlay test support files onto image",
         "meta_type":1,
         "testdata":1,
         "yaml_line":null,
         "description_line":null,
         "log_section":null,
         "duration":null,
         "timeout":30,
         "testcase":7,
         "count":null,
         "max_retries":1
      }
   },
   {
      "model":"lava_results_app.actiondata",
      "pk":14,
      "fields":{
         "action_name":"test-install-overlay",
         "action_level":"1.2.3.7",
         "action_summary":"applying LAVA test install scripts",
         "action_description":"overlay dependency installation support files onto image",
         "meta_type":1,
         "testdata":1,
         "yaml_line":null,
         "description_line":null,
         "log_section":null,
         "duration":null,
         "timeout":30,
         "testcase":8,
         "count":null,
         "max_retries":1
      }
   },
   {
      "model":"lava_results_app.actiondata",
      "pk":15,
      "fields":{
         "action_name":"test-runscript-overlay",
         "action_level":"1.2.3.8",
         "action_summary":"applying LAVA test run script",
         "action_description":"overlay run script onto image",
         "meta_type":1,
         "testdata":1,
         "yaml_line":null,
         "description_line":null,
         "log_section":null,
         "duration":null,
         "timeout":30,
         "testcase":9,
         "count":null,
         "max_retries":1
      }
   },
   {
      "model":"lava_results_app.actiondata",
      "pk":16,
      "fields":{
         "action_name":"git-repo-action",
         "action_level":"1.2.3.9",
         "action_summary":"clone git test repo",
         "action_description":"apply git repository of tests to the test image",
         "meta_type":1,
         "testdata":1,
         "yaml_line":null,
         "description_line":null,
         "log_section":null,
         "duration":null,
         "timeout":30,
         "testcase":10,
         "count":null,
         "max_retries":1
      }
   },
   {
      "model":"lava_results_app.actiondata",
      "pk":17,
      "fields":{
         "action_name":"test-overlay",
         "action_level":"1.2.3.10",
         "action_summary":"applying LAVA test overlay",
         "action_description":"overlay test support files onto image",
         "meta_type":1,
         "testdata":1,
         "yaml_line":null,
         "description_line":null,
         "log_section":null,
         "duration":null,
         "timeout":30,
         "testcase":11,
         "count":null,
         "max_retries":1
      }
   },
   {
      "model":"lava_results_app.actiondata",
      "pk":18,
      "fields":{
         "action_name":"test-install-overlay",
         "action_level":"1.2.3.11",
         "action_summary":"applying LAVA test install scripts",
         "action_description":"overlay dependency installation support files onto image",
         "meta_type":1,
         "testdata":1,
         "yaml_line":null,
         "description_line":null,
         "log_section":null,
         "duration":null,
         "timeout":30,
         "testcase":12,
         "count":null,
         "max_retries":1
      }
   },
   {
      "model":"lava_results_app.actiondata",
      "pk":19,
      "fields":{
         "action_name":"test-runscript-overlay",
         "action_level":"1.2.3.12",
         "action_summary":"applying LAVA test run script",
         "action_description":"overlay run script onto image",
         "meta_type":1,
         "testdata":1,
         "yaml_line":null,
         "description_line":null,
         "log_section":null,
         "duration":null,
         "timeout":30,
         "testcase":13,
         "count":null,
         "max_retries":1
      }
   },
   {
      "model":"lava_results_app.actiondata",
      "pk":20,
      "fields":{
         "action_name":"compress-overlay",
         "action_level":"1.2.4",
         "action_summary":"Compress the lava overlay files",
         "action_description":"Create a lava overlay tarball and store alongside the job",
         "meta_type":1,
         "testdata":1,
         "yaml_line":null,
         "description_line":null,
         "log_section":null,
         "duration":null,
         "timeout":30,
         "testcase":null,
         "count":null,
         "max_retries":1
      }
   },
   {
      "model":"lava_results_app.actiondata",
      "pk":21,
      "fields":{
         "action_name":"persistent-nfs-overlay",
         "action_level":"1.2.5",
         "action_summary":"add test overlay to NFS",
         "action_description":"unpack overlay into persistent NFS",
         "meta_type":1,
         "testdata":1,
         "yaml_line":null,
         "description_line":null,
         "log_section":null,
         "duration":null,
         "timeout":30,
         "testcase":null,
         "count":null,
         "max_retries":1
      }
   },
   {
      "model":"lava_results_app.actiondata",
      "pk":22,
      "fields":{
         "action_name":"apply-overlay-guest",
         "action_level":"1.3",
         "action_summary":"build a guest filesystem with the overlay",
         "action_description":"prepare a qcow2 drive containing the overlay",
         "meta_type":1,
         "testdata":1,
         "yaml_line":null,
         "description_line":null,
         "log_section":null,
         "duration":null,
         "timeout":30,
         "testcase":14,
         "count":null,
         "max_retries":1
      }
   },
   {
      "model":"lava_results_app.actiondata",
      "pk":23,
      "fields":{
         "action_name":"deploy-device-env",
         "action_level":"1.4",
         "action_summary":"deploy device environment",
         "action_description":"deploy device environment",
         "meta_type":1,
         "testdata":1,
         "yaml_line":null,
         "description_line":null,
         "log_section":null,
         "duration":null,
         "timeout":30,
         "testcase":null,
         "count":null,
         "max_retries":1
      }
   },
   {
      "model":"lava_results_app.actiondata",
      "pk":24,
      "fields":{
         "action_name":"boot-image-retry",
         "action_level":"2",
         "action_summary":"boot with retry",
         "action_description":"boot image with retry",
         "meta_type":2,
         "testdata":1,
         "yaml_line":null,
         "description_line":null,
         "log_section":null,
         "duration":null,
         "timeout":30,
         "testcase":null,
         "count":null,
         "max_retries":1
      }
   },
   {
      "model":"lava_results_app.actiondata",
      "pk":25,
      "fields":{
         "action_name":"boot-qemu-image",
         "action_level":"2.1",
         "action_summary":"boot QEMU image",
         "action_description":"boot image using QEMU command line",
         "meta_type":2,
         "testdata":1,
         "yaml_line":null,
         "description_line":null,
         "log_section":null,
         "duration":null,
         "timeout":30,
         "testcase":null,
         "count":null,
         "max_retries":1
      }
   },
   {
      "model":"lava_results_app.actiondata",
      "pk":26,
      "fields":{
         "action_name":"execute-qemu",
         "action_level":"2.1.1",
         "action_summary":"execute qemu to boot the image",
         "action_description":"call qemu to boot the image",
         "meta_type":2,
         "testdata":1,
         "yaml_line":null,
         "description_line":null,
         "log_section":null,
         "duration":null,
         "timeout":30,
         "testcase":15,
         "count":null,
         "max_retries":1
      }
   },
   {
      "model":"lava_results_app.actiondata",
      "pk":27,
      "fields":{
         "action_name":"auto-login-action",
         "action_level":"2.2",
         "action_summary":"Auto-login after boot with support for kernel messages.",
         "action_description":"automatically login after boot using job parameters and checking for messages.",
         "meta_type":2,
         "testdata":1,
         "yaml_line":null,
         "description_line":null,
         "log_section":null,
         "duration":null,
         "timeout":30,
         "testcase":17,
         "count":null,
         "max_retries":1
      }
   },
   {
      "model":"lava_results_app.actiondata",
      "pk":28,
      "fields":{
         "action_name":"expect-shell-connection",
         "action_level":"2.3",
         "action_summary":"Expect a shell prompt",
         "action_description":"Wait for a shell",
         "meta_type":2,
         "testdata":1,
         "yaml_line":null,
         "description_line":null,
         "log_section":null,
         "duration":null,
         "timeout":30,
         "testcase":null,
         "count":null,
         "max_retries":1
      }
   },
   {
      "model":"lava_results_app.actiondata",
      "pk":29,
      "fields":{
         "action_name":"export-device-env",
         "action_level":"2.4",
         "action_summary":"Exports environment variables action",
         "action_description":"Exports environment variables to the device",
         "meta_type":2,
         "testdata":1,
         "yaml_line":null,
         "description_line":null,
         "log_section":null,
         "duration":null,
         "timeout":30,
         "testcase":null,
         "count":null,
         "max_retries":1
      }
   },
   {
      "model":"lava_results_app.actiondata",
      "pk":30,
      "fields":{
         "action_name":"lava-test-retry",
         "action_level":"3",
         "action_summary":"Retry support for Lava Test Shell",
         "action_description":"Retry wrapper for lava-test-shell",
         "meta_type":3,
         "testdata":1,
         "yaml_line":null,
         "description_line":null,
         "log_section":null,
         "duration":null,
         "timeout":30,
         "testcase":null,
         "count":null,
         "max_retries":1
      }
   },
   {
      "model":"lava_results_app.actiondata",
      "pk":31,
      "fields":{
         "action_name":"lava-test-shell",
         "action_level":"3.1",
         "action_summary":"Lava Test Shell",
         "action_description":"Executing lava-test-runner",
         "meta_type":3,
         "testdata":1,
         "yaml_line":null,
         "description_line":null,
         "log_section":null,
         "duration":null,
         "timeout":30,
         "testcase":null,
         "count":null,
         "max_retries":1
      }
   },
   {
      "model":"lava_results_app.actiondata",
      "pk":32,
      "fields":{
         "action_name":"deployimages",
         "action_level":"1",
         "action_summary":"deploy images",
         "action_description":"deploy images using guestfs",
         "meta_type":1,
         "testdata":2,
         "yaml_line":null,
         "description_line":null,
         "log_section":null,
         "duration":null,
         "timeout":30,
         "testcase":null,
         "count":null,
         "max_retries":1
      }
   },
   {
      "model":"lava_results_app.actiondata",
      "pk":33,
      "fields":{
         "action_name":"download-retry",
         "action_level":"1.1",
         "action_summary":"download-retry",
         "action_description":"download with retry",
         "meta_type":1,
         "testdata":2,
         "yaml_line":null,
         "description_line":null,
         "log_section":null,
         "duration":null,
         "timeout":30,
         "testcase":null,
         "count":null,
         "max_retries":3
      }
   },
   {
      "model":"lava_results_app.actiondata",
      "pk":34,
      "fields":{
         "action_name":"http-download",
         "action_level":"1.1.1",
         "action_summary":"http download",
         "action_description":"use http to download the file",
         "meta_type":1,
         "testdata":2,
         "yaml_line":null,
         "description_line":null,
         "log_section":null,
         "duration":null,
         "timeout":30,
         "testcase":39,
         "count":null,
         "max_retries":1
      }
   },
   {
      "model":"lava_results_app.actiondata",
      "pk":35,
      "fields":{
         "action_name":"download-retry",
         "action_level":"1.2",
         "action_summary":"download-retry",
         "action_description":"download with retry",
         "meta_type":1,
         "testdata":2,
         "yaml_line":null,
         "description_line":null,
         "log_section":null,
         "duration":null,
         "timeout":30,
         "testcase":null,
         "count":null,
         "max_retries":3
      }
   },
   {
      "model":"lava_results_app.actiondata",
      "pk":36,
      "fields":{
         "action_name":"http-download",
         "action_level":"1.2.1",
         "action_summary":"http download",
         "action_description":"use http to download the file",
         "meta_type":1,
         "testdata":2,
         "yaml_line":null,
         "description_line":null,
         "log_section":null,
         "duration":null,
         "timeout":30,
         "testcase":40,
         "count":null,
         "max_retries":1
      }
   },
   {
      "model":"lava_results_app.actiondata",
      "pk":37,
      "fields":{
         "action_name":"lava-overlay",
         "action_level":"1.3",
         "action_summary":"overlay the lava support scripts",
         "action_description":"add lava scripts during deployment for test shell use",
         "meta_type":1,
         "testdata":2,
         "yaml_line":null,
         "description_line":null,
         "log_section":null,
         "duration":null,
         "timeout":30,
         "testcase":null,
         "count":null,
         "max_retries":1
      }
   },
   {
      "model":"lava_results_app.actiondata",
      "pk":38,
      "fields":{
         "action_name":"lava-vland-overlay",
         "action_level":"1.3.1",
         "action_summary":"Add files detailing vlan configuration.",
         "action_description":"Populate specific vland scripts for tests to lookup vlan data.",
         "meta_type":1,
         "testdata":2,
         "yaml_line":null,
         "description_line":null,
         "log_section":null,
         "duration":null,
         "timeout":30,
         "testcase":null,
         "count":null,
         "max_retries":1
      }
   },
   {
      "model":"lava_results_app.actiondata",
      "pk":39,
      "fields":{
         "action_name":"lava-multinode-overlay",
         "action_level":"1.3.2",
         "action_summary":"overlay the lava multinode scripts",
         "action_description":"add lava scripts during deployment for multinode test shell use",
         "meta_type":1,
         "testdata":2,
         "yaml_line":null,
         "description_line":null,
         "log_section":null,
         "duration":null,
         "timeout":30,
         "testcase":null,
         "count":null,
         "max_retries":1
      }
   },
   {
      "model":"lava_results_app.actiondata",
      "pk":40,
      "fields":{
         "action_name":"test-definition",
         "action_level":"1.3.3",
         "action_summary":"loading test definitions",
         "action_description":"load test definitions into image",
         "meta_type":1,
         "testdata":2,
         "yaml_line":null,
         "description_line":null,
         "log_section":null,
         "duration":null,
         "timeout":30,
         "testcase":null,
         "count":null,
         "max_retries":1
      }
   },
   {
      "model":"lava_results_app.actiondata",
      "pk":41,
      "fields":{
         "action_name":"inline-repo-action",
         "action_level":"1.3.3.1",
         "action_summary":"exctract inline test definition",
         "action_description":"apply inline test defintion to the test image",
         "meta_type":1,
         "testdata":2,
         "yaml_line":null,
         "description_line":null,
         "log_section":null,
         "duration":null,
         "timeout":30,
         "testcase":null,
         "count":null,
         "max_retries":1
      }
   },
   {
      "model":"lava_results_app.actiondata",
      "pk":42,
      "fields":{
         "action_name":"test-overlay",
         "action_level":"1.3.3.2",
         "action_summary":"applying LAVA test overlay",
         "action_description":"overlay test support files onto image",
         "meta_type":1,
         "testdata":2,
         "yaml_line":null,
         "description_line":null,
         "log_section":null,
         "duration":null,
         "timeout":30,
         "testcase":41,
         "count":null,
         "max_retries":1
      }
   },
   {
      "model":"lava_results_app.actiondata",
      "pk":43,
      "fields":{
         "action_name":"test-install-overlay",
         "action_level":"1.3.3.3",
         "action_summary":"applying LAVA test install scripts",
         "action_description":"overlay dependency installation support files onto image",
         "meta_type":1,
         "testdata":2,
         "yaml_line":null,
         "description_line":null,
         "log_section":null,
         "duration":null,
         "timeout":30,
         "testcase":42,
         "count":null,
         "max_retries":1
      }
   },
   {
      "model":"lava_results_app.actiondata",
      "pk":44,
      "fields":{
         "action_name":"test-runscript-overlay",
         "action_level":"1.3.3.4",
         "action_summary":"applying LAVA test run script",
         "action_description":"overlay run script onto image",
         "meta_type":1,
         "testdata":2,
         "yaml_line":null,
         "description_line":null,
         "log_section":null,
         "duration":null,
         "timeout":30,
         "testcase":43,
         "count":null,
         "max_retries":1
      }
   },
   {
      "model":"lava_results_app.actiondata",
      "pk":45,
      "fields":{
         "action_name":"git-repo-action",
         "action_level":"1.3.3.5",
         "action_summary":"clone git test repo",
         "action_description":"apply git repository of tests to the test image",
         "meta_type":1,
         "testdata":2,
         "yaml_line":null,
         "description_line":null,
         "log_section":null,
         "duration":null,
         "timeout":30,
         "testcase":44,
         "count":null,
         "max_retries":1
      }
   },
   {
      "model":"lava_results_app.actiondata",
      "pk":46,
      "fields":{
         "action_name":"test-overlay",
         "action_level":"1.3.3.6",
         "action_summary":"applying LAVA test overlay",
         "action_description":"overlay test support files onto image",
         "meta_type":1,
         "testdata":2,
         "yaml_line":null,
         "description_line":null,
         "log_section":null,
         "duration":null,
         "timeout":30,
         "testcase":45,
         "count":null,
         "max_retries":1
      }
   },
   {
      "model":"lava_results_app.actiondata",
      "pk":47,
      "fields":{
         "action_name":"test-install-overlay",
         "action_level":"1.3.3.7",
         "action_summary":"applying LAVA test install scripts",
         "action_description":"overlay dependency installation support files onto image",
         "meta_type":1,
         "testdata":2,
         "yaml_line":null,
         "description_line":null,
         "log_section":null,
         "duration":null,
         "timeout":30,
         "testcase":46,
         "count":null,
         "max_retries":1
      }
   },
   {
      "model":"lava_results_app.actiondata",
      "pk":48,
      "fields":{
         "action_name":"test-runscript-overlay",
         "action_level":"1.3.3.8",
         "action_summary":"applying LAVA test run script",
         "action_description":"overlay run script onto image",
         "meta_type":1,
         "testdata":2,
         "yaml_line":null,
         "description_line":null,
         "log_section":null,
         "duration":null,
         "timeout":30,
         "testcase":47,
         "count":null,
         "max_retries":1
      }
   },
   {
      "model":"lava_results_app.actiondata",
      "pk":49,
      "fields":{
         "action_name":"git-repo-action",
         "action_level":"1.3.3.9",
         "action_summary":"clone git test repo",
         "action_description":"apply git repository of tests to the test image",
         "meta_type":1,
         "testdata":2,
         "yaml_line":null,
         "description_line":null,
         "log_section":null,
         "duration":null,
         "timeout":30,
         "testcase":48,
         "count":null,
         "max_retries":1
      }
   },
   {
      "model":"lava_results_app.actiondata",
      "pk":50,
      "fields":{
         "action_name":"test-overlay",
         "action_level":"1.3.3.10",
         "action_summary":"applying LAVA test overlay",
         "action_description":"overlay test support files onto image",
         "meta_type":1,
         "testdata":2,
         "yaml_line":null,
         "description_line":null,
         "log_section":null,
         "duration":null,
         "timeout":30,
         "testcase":49,
         "count":null,
         "max_retries":1
      }
   },
   {
      "model":"lava_results_app.actiondata",
      "pk":51,
      "fields":{
         "action_name":"test-install-overlay",
         "action_level":"1.3.3.11",
         "action_summary":"applying LAVA test install scripts",
         "action_description":"overlay dependency installation support files onto image",
         "meta_type":1,
         "testdata":2,
         "yaml_line":null,
         "description_line":null,
         "log_section":null,
         "duration":null,
         "timeout":30,
         "testcase":50,
         "count":null,
         "max_retries":1
      }
   },
   {
      "model":"lava_results_app.actiondata",
      "pk":52,
      "fields":{
         "action_name":"test-runscript-overlay",
         "action_level":"1.3.3.12",
         "action_summary":"applying LAVA test run script",
         "action_description":"overlay run script onto image",
         "meta_type":1,
         "testdata":2,
         "yaml_line":null,
         "description_line":null,
         "log_section":null,
         "duration":null,
         "timeout":30,
         "testcase":51,
         "count":null,
         "max_retries":1
      }
   },
   {
      "model":"lava_results_app.actiondata",
      "pk":53,
      "fields":{
         "action_name":"git-repo-action",
         "action_level":"1.3.3.13",
         "action_summary":"clone git test repo",
         "action_description":"apply git repository of tests to the test image",
         "meta_type":1,
         "testdata":2,
         "yaml_line":null,
         "description_line":null,
         "log_section":null,
         "duration":null,
         "timeout":30,
         "testcase":52,
         "count":null,
         "max_retries":1
      }
   },
   {
      "model":"lava_results_app.actiondata",
      "pk":54,
      "fields":{
         "action_name":"test-overlay",
         "action_level":"1.3.3.14",
         "action_summary":"applying LAVA test overlay",
         "action_description":"overlay test support files onto image",
         "meta_type":1,
         "testdata":2,
         "yaml_line":null,
         "description_line":null,
         "log_section":null,
         "duration":null,
         "timeout":30,
         "testcase":53,
         "count":null,
         "max_retries":1
      }
   },
   {
      "model":"lava_results_app.actiondata",
      "pk":55,
      "fields":{
         "action_name":"test-install-overlay",
         "action_level":"1.3.3.15",
         "action_summary":"applying LAVA test install scripts",
         "action_description":"overlay dependency installation support files onto image",
         "meta_type":1,
         "testdata":2,
         "yaml_line":null,
         "description_line":null,
         "log_section":null,
         "duration":null,
         "timeout":30,
         "testcase":54,
         "count":null,
         "max_retries":1
      }
   },
   {
      "model":"lava_results_app.actiondata",
      "pk":56,
      "fields":{
         "action_name":"test-runscript-overlay",
         "action_level":"1.3.3.16",
         "action_summary":"applying LAVA test run script",
         "action_description":"overlay run script onto image",
         "meta_type":1,
         "testdata":2,
         "yaml_line":null,
         "description_line":null,
         "log_section":null,
         "duration":null,
         "timeout":30,
         "testcase":55,
         "count":null,
         "max_retries":1
      }
   },
   {
      "model":"lava_results_app.actiondata",
      "pk":57,
      "fields":{
         "action_name":"git-repo-action",
         "action_level":"1.3.3.17",
         "action_summary":"clone git test repo",
         "action_description":"apply git repository of tests to the test image",
         "meta_type":1,
         "testdata":2,
         "yaml_line":null,
         "description_line":null,
         "log_section":null,
         "duration":null,
         "timeout":30,
         "testcase":56,
         "count":null,
         "max_retries":1
      }
   },
   {
      "model":"lava_results_app.actiondata",
      "pk":58,
      "fields":{
         "action_name":"test-overlay",
         "action_level":"1.3.3.18",
         "action_summary":"applying LAVA test overlay",
         "action_description":"overlay test support files onto image",
         "meta_type":1,
         "testdata":2,
         "yaml_line":null,
         "description_line":null,
         "log_section":null,
         "duration":null,
         "timeout":30,
         "testcase":57,
         "count":null,
         "max_retries":1
      }
   },
   {
      "model":"lava_results_app.actiondata",
      "pk":59,
      "fields":{
         "action_name":"test-install-overlay",
         "action_level":"1.3.3.19",
         "action_summary":"applying LAVA test install scripts",
         "action_description":"overlay dependency installation support files onto image",
         "meta_type":1,
         "testdata":2,
         "yaml_line":null,
         "description_line":null,
         "log_section":null,
         "duration":null,
         "timeout":30,
         "testcase":58,
         "count":null,
         "max_retries":1
      }
   },
   {
      "model":"lava_results_app.actiondata",
      "pk":60,
      "fields":{
         "action_name":"test-runscript-overlay",
         "action_level":"1.3.3.20",
         "action_summary":"applying LAVA test run script",
         "action_description":"overlay run script onto image",
         "meta_type":1,
         "testdata":2,
         "yaml_line":null,
         "description_line":null,
         "log_section":null,
         "duration":null,
         "timeout":30,
         "testcase":59,
         "count":null,
         "max_retries":1
      }
   },
   {
      "model":"lava_results_app.actiondata",
      "pk":61,
      "fields":{
         "action_name":"compress-overlay",
         "action_level":"1.3.4",
         "action_summary":"Compress the lava overlay files",
         "action_description":"Create a lava overlay tarball and store alongside the job",
         "meta_type":1,
         "testdata":2,
         "yaml_line":null,
         "description_line":null,
         "log_section":null,
         "duration":null,
         "timeout":30,
         "testcase":null,
         "count":null,
         "max_retries":1
      }
   },
   {
      "model":"lava_results_app.actiondata",
      "pk":62,
      "fields":{
         "action_name":"persistent-nfs-overlay",
         "action_level":"1.3.5",
         "action_summary":"add test overlay to NFS",
         "action_description":"unpack overlay into persistent NFS",
         "meta_type":1,
         "testdata":2,
         "yaml_line":null,
         "description_line":null,
         "log_section":null,
         "duration":null,
         "timeout":30,
         "testcase":null,
         "count":null,
         "max_retries":1
      }
   },
   {
      "model":"lava_results_app.actiondata",
      "pk":63,
      "fields":{
         "action_name":"apply-overlay-guest",
         "action_level":"1.4",
         "action_summary":"build a guest filesystem with the overlay",
         "action_description":"prepare a qcow2 drive containing the overlay",
         "meta_type":1,
         "testdata":2,
         "yaml_line":null,
         "description_line":null,
         "log_section":null,
         "duration":null,
         "timeout":30,
         "testcase":60,
         "count":null,
         "max_retries":1
      }
   },
   {
      "model":"lava_results_app.actiondata",
      "pk":64,
      "fields":{
         "action_name":"deploy-device-env",
         "action_level":"1.5",
         "action_summary":"deploy device environment",
         "action_description":"deploy device environment",
         "meta_type":1,
         "testdata":2,
         "yaml_line":null,
         "description_line":null,
         "log_section":null,
         "duration":null,
         "timeout":30,
         "testcase":null,
         "count":null,
         "max_retries":1
      }
   },
   {
      "model":"lava_results_app.actiondata",
      "pk":65,
      "fields":{
         "action_name":"boot-image-retry",
         "action_level":"2",
         "action_summary":"boot with retry",
         "action_description":"boot image with retry",
         "meta_type":2,
         "testdata":2,
         "yaml_line":null,
         "description_line":null,
         "log_section":null,
         "duration":null,
         "timeout":30,
         "testcase":null,
         "count":null,
         "max_retries":1
      }
   },
   {
      "model":"lava_results_app.actiondata",
      "pk":66,
      "fields":{
         "action_name":"boot-qemu-image",
         "action_level":"2.1",
         "action_summary":"boot QEMU image",
         "action_description":"boot image using QEMU command line",
         "meta_type":2,
         "testdata":2,
         "yaml_line":null,
         "description_line":null,
         "log_section":null,
         "duration":null,
         "timeout":30,
         "testcase":null,
         "count":null,
         "max_retries":1
      }
   },
   {
      "model":"lava_results_app.actiondata",
      "pk":67,
      "fields":{
         "action_name":"execute-qemu",
         "action_level":"2.1.1",
         "action_summary":"execute qemu to boot the image",
         "action_description":"call qemu to boot the image",
         "meta_type":2,
         "testdata":2,
         "yaml_line":null,
         "description_line":null,
         "log_section":null,
         "duration":null,
         "timeout":30,
         "testcase":null,
         "count":null,
         "max_retries":1
      }
   },
   {
      "model":"lava_results_app.actiondata",
      "pk":68,
      "fields":{
         "action_name":"auto-login-action",
         "action_level":"2.2",
         "action_summary":"Auto-login after boot with support for kernel messages.",
         "action_description":"automatically login after boot using job parameters and checking for messages.",
         "meta_type":2,
         "testdata":2,
         "yaml_line":null,
         "description_line":null,
         "log_section":null,
         "duration":null,
         "timeout":30,
         "testcase":62,
         "count":null,
         "max_retries":1
      }
   },
   {
      "model":"lava_results_app.actiondata",
      "pk":69,
      "fields":{
         "action_name":"expect-shell-connection",
         "action_level":"2.3",
         "action_summary":"Expect a shell prompt",
         "action_description":"Wait for a shell",
         "meta_type":2,
         "testdata":2,
         "yaml_line":null,
         "description_line":null,
         "log_section":null,
         "duration":null,
         "timeout":30,
         "testcase":null,
         "count":null,
         "max_retries":1
      }
   },
   {
      "model":"lava_results_app.actiondata",
      "pk":70,
      "fields":{
         "action_name":"export-device-env",
         "action_level":"2.4",
         "action_summary":"Exports environment variables action",
         "action_description":"Exports environment variables to the device",
         "meta_type":2,
         "testdata":2,
         "yaml_line":null,
         "description_line":null,
         "log_section":null,
         "duration":null,
         "timeout":30,
         "testcase":null,
         "count":null,
         "max_retries":1
      }
   },
   {
      "model":"lava_results_app.actiondata",
      "pk":71,
      "fields":{
         "action_name":"lava-test-retry",
         "action_level":"3",
         "action_summary":"Retry support for Lava Test Shell",
         "action_description":"Retry wrapper for lava-test-shell",
         "meta_type":3,
         "testdata":2,
         "yaml_line":null,
         "description_line":null,
         "log_section":null,
         "duration":null,
         "timeout":30,
         "testcase":null,
         "count":null,
         "max_retries":1
      }
   },
   {
      "model":"lava_results_app.actiondata",
      "pk":72,
      "fields":{
         "action_name":"lava-test-shell",
         "action_level":"3.1",
         "action_summary":"Lava Test Shell",
         "action_description":"Executing lava-test-runner",
         "meta_type":3,
         "testdata":2,
         "yaml_line":null,
         "description_line":null,
         "log_section":null,
         "duration":null,
         "timeout":30,
         "testcase":null,
         "count":null,
         "max_retries":1
      }
   },
   {
      "model":"lava_results_app.actiondata",
      "pk":73,
      "fields":{
         "action_name":"deployimages",
         "action_level":"1",
         "action_summary":"deploy images",
         "action_description":"deploy images using guestfs",
         "meta_type":1,
         "testdata":3,
         "yaml_line":null,
         "description_line":null,
         "log_section":null,
         "duration":null,
         "timeout":30,
         "testcase":93,
         "count":null,
         "max_retries":1
      }
   },
   {
      "model":"lava_results_app.actiondata",
      "pk":74,
      "fields":{
         "action_name":"download-retry",
         "action_level":"1.1",
         "action_summary":"download-retry",
         "action_description":"download with retry",
         "meta_type":1,
         "testdata":3,
         "yaml_line":null,
         "description_line":null,
         "log_section":null,
         "duration":null,
         "timeout":30,
         "testcase":92,
         "count":null,
         "max_retries":3
      }
   },
   {
      "model":"lava_results_app.actiondata",
      "pk":75,
      "fields":{
         "action_name":"http-download",
         "action_level":"1.1.1",
         "action_summary":"http download",
         "action_description":"use http to download the file",
         "meta_type":1,
         "testdata":3,
         "yaml_line":null,
         "description_line":null,
         "log_section":null,
         "duration":null,
         "timeout":30,
         "testcase":91,
         "count":null,
         "max_retries":1
      }
   },
   {
      "model":"lava_results_app.actiondata",
      "pk":76,
      "fields":{
         "action_name":"download-retry",
         "action_level":"1.2",
         "action_summary":"download-retry",
         "action_description":"download with retry",
         "meta_type":1,
         "testdata":3,
         "yaml_line":null,
         "description_line":null,
         "log_section":null,
         "duration":null,
         "timeout":30,
         "testcase":null,
         "count":null,
         "max_retries":3
      }
   },
   {
      "model":"lava_results_app.actiondata",
      "pk":77,
      "fields":{
         "action_name":"http-download",
         "action_level":"1.2.1",
         "action_summary":"http download",
         "action_description":"use http to download the file",
         "meta_type":1,
         "testdata":3,
         "yaml_line":null,
         "description_line":null,
         "log_section":null,
         "duration":null,
         "timeout":30,
         "testcase":null,
         "count":null,
         "max_retries":1
      }
   },
   {
      "model":"lava_results_app.actiondata",
      "pk":78,
      "fields":{
         "action_name":"lava-overlay",
         "action_level":"1.3",
         "action_summary":"overlay the lava support scripts",
         "action_description":"add lava scripts during deployment for test shell use",
         "meta_type":1,
         "testdata":3,
         "yaml_line":null,
         "description_line":null,
         "log_section":null,
         "duration":null,
         "timeout":30,
         "testcase":null,
         "count":null,
         "max_retries":1
      }
   },
   {
      "model":"lava_results_app.actiondata",
      "pk":79,
      "fields":{
         "action_name":"lava-vland-overlay",
         "action_level":"1.3.1",
         "action_summary":"Add files detailing vlan configuration.",
         "action_description":"Populate specific vland scripts for tests to lookup vlan data.",
         "meta_type":1,
         "testdata":3,
         "yaml_line":null,
         "description_line":null,
         "log_section":null,
         "duration":null,
         "timeout":30,
         "testcase":null,
         "count":null,
         "max_retries":1
      }
   },
   {
      "model":"lava_results_app.actiondata",
      "pk":80,
      "fields":{
         "action_name":"lava-multinode-overlay",
         "action_level":"1.3.2",
         "action_summary":"overlay the lava multinode scripts",
         "action_description":"add lava scripts during deployment for multinode test shell use",
         "meta_type":1,
         "testdata":3,
         "yaml_line":null,
         "description_line":null,
         "log_section":null,
         "duration":null,
         "timeout":30,
         "testcase":null,
         "count":null,
         "max_retries":1
      }
   },
   {
      "model":"lava_results_app.actiondata",
      "pk":81,
      "fields":{
         "action_name":"test-definition",
         "action_level":"1.3.3",
         "action_summary":"loading test definitions",
         "action_description":"load test definitions into image",
         "meta_type":1,
         "testdata":3,
         "yaml_line":null,
         "description_line":null,
         "log_section":null,
         "duration":null,
         "timeout":30,
         "testcase":null,
         "count":null,
         "max_retries":1
      }
   },
   {
      "model":"lava_results_app.actiondata",
      "pk":82,
      "fields":{
         "action_name":"inline-repo-action",
         "action_level":"1.3.3.1",
         "action_summary":"exctract inline test definition",
         "action_description":"apply inline test defintion to the test image",
         "meta_type":1,
         "testdata":3,
         "yaml_line":null,
         "description_line":null,
         "log_section":null,
         "duration":null,
         "timeout":30,
         "testcase":null,
         "count":null,
         "max_retries":1
      }
   },
   {
      "model":"lava_results_app.actiondata",
      "pk":83,
      "fields":{
         "action_name":"test-overlay",
         "action_level":"1.3.3.2",
         "action_summary":"applying LAVA test overlay",
         "action_description":"overlay test support files onto image",
         "meta_type":1,
         "testdata":3,
         "yaml_line":null,
         "description_line":null,
         "log_section":null,
         "duration":null,
         "timeout":30,
         "testcase":null,
         "count":null,
         "max_retries":1
      }
   },
   {
      "model":"lava_results_app.actiondata",
      "pk":84,
      "fields":{
         "action_name":"test-install-overlay",
         "action_level":"1.3.3.3",
         "action_summary":"applying LAVA test install scripts",
         "action_description":"overlay dependency installation support files onto image",
         "meta_type":1,
         "testdata":3,
         "yaml_line":null,
         "description_line":null,
         "log_section":null,
         "duration":null,
         "timeout":30,
         "testcase":null,
         "count":null,
         "max_retries":1
      }
   },
   {
      "model":"lava_results_app.actiondata",
      "pk":85,
      "fields":{
         "action_name":"test-runscript-overlay",
         "action_level":"1.3.3.4",
         "action_summary":"applying LAVA test run script",
         "action_description":"overlay run script onto image",
         "meta_type":1,
         "testdata":3,
         "yaml_line":null,
         "description_line":null,
         "log_section":null,
         "duration":null,
         "timeout":30,
         "testcase":null,
         "count":null,
         "max_retries":1
      }
   },
   {
      "model":"lava_results_app.actiondata",
      "pk":86,
      "fields":{
         "action_name":"git-repo-action",
         "action_level":"1.3.3.5",
         "action_summary":"clone git test repo",
         "action_description":"apply git repository of tests to the test image",
         "meta_type":1,
         "testdata":3,
         "yaml_line":null,
         "description_line":null,
         "log_section":null,
         "duration":null,
         "timeout":30,
         "testcase":null,
         "count":null,
         "max_retries":1
      }
   },
   {
      "model":"lava_results_app.actiondata",
      "pk":87,
      "fields":{
         "action_name":"test-overlay",
         "action_level":"1.3.3.6",
         "action_summary":"applying LAVA test overlay",
         "action_description":"overlay test support files onto image",
         "meta_type":1,
         "testdata":3,
         "yaml_line":null,
         "description_line":null,
         "log_section":null,
         "duration":null,
         "timeout":30,
         "testcase":null,
         "count":null,
         "max_retries":1
      }
   },
   {
      "model":"lava_results_app.actiondata",
      "pk":88,
      "fields":{
         "action_name":"test-install-overlay",
         "action_level":"1.3.3.7",
         "action_summary":"applying LAVA test install scripts",
         "action_description":"overlay dependency installation support files onto image",
         "meta_type":1,
         "testdata":3,
         "yaml_line":null,
         "description_line":null,
         "log_section":null,
         "duration":null,
         "timeout":30,
         "testcase":null,
         "count":null,
         "max_retries":1
      }
   },
   {
      "model":"lava_results_app.actiondata",
      "pk":89,
      "fields":{
         "action_name":"test-runscript-overlay",
         "action_level":"1.3.3.8",
         "action_summary":"applying LAVA test run script",
         "action_description":"overlay run script onto image",
         "meta_type":1,
         "testdata":3,
         "yaml_line":null,
         "description_line":null,
         "log_section":null,
         "duration":null,
         "timeout":30,
         "testcase":null,
         "count":null,
         "max_retries":1
      }
   },
   {
      "model":"lava_results_app.actiondata",
      "pk":90,
      "fields":{
         "action_name":"git-repo-action",
         "action_level":"1.3.3.9",
         "action_summary":"clone git test repo",
         "action_description":"apply git repository of tests to the test image",
         "meta_type":1,
         "testdata":3,
         "yaml_line":null,
         "description_line":null,
         "log_section":null,
         "duration":null,
         "timeout":30,
         "testcase":null,
         "count":null,
         "max_retries":1
      }
   },
   {
      "model":"lava_results_app.actiondata",
      "pk":91,
      "fields":{
         "action_name":"test-overlay",
         "action_level":"1.3.3.10",
         "action_summary":"applying LAVA test overlay",
         "action_description":"overlay test support files onto image",
         "meta_type":1,
         "testdata":3,
         "yaml_line":null,
         "description_line":null,
         "log_section":null,
         "duration":null,
         "timeout":30,
         "testcase":null,
         "count":null,
         "max_retries":1
      }
   },
   {
      "model":"lava_results_app.actiondata",
      "pk":92,
      "fields":{
         "action_name":"test-install-overlay",
         "action_level":"1.3.3.11",
         "action_summary":"applying LAVA test install scripts",
         "action_description":"overlay dependency installation support files onto image",
         "meta_type":1,
         "testdata":3,
         "yaml_line":null,
         "description_line":null,
         "log_section":null,
         "duration":null,
         "timeout":30,
         "testcase":null,
         "count":null,
         "max_retries":1
      }
   },
   {
      "model":"lava_results_app.actiondata",
      "pk":93,
      "fields":{
         "action_name":"test-runscript-overlay",
         "action_level":"1.3.3.12",
         "action_summary":"applying LAVA test run script",
         "action_description":"overlay run script onto image",
         "meta_type":1,
         "testdata":3,
         "yaml_line":null,
         "description_line":null,
         "log_section":null,
         "duration":null,
         "timeout":30,
         "testcase":null,
         "count":null,
         "max_retries":1
      }
   },
   {
      "model":"lava_results_app.actiondata",
      "pk":94,
      "fields":{
         "action_name":"git-repo-action",
         "action_level":"1.3.3.13",
         "action_summary":"clone git test repo",
         "action_description":"apply git repository of tests to the test image",
         "meta_type":1,
         "testdata":3,
         "yaml_line":null,
         "description_line":null,
         "log_section":null,
         "duration":null,
         "timeout":30,
         "testcase":null,
         "count":null,
         "max_retries":1
      }
   },
   {
      "model":"lava_results_app.actiondata",
      "pk":95,
      "fields":{
         "action_name":"test-overlay",
         "action_level":"1.3.3.14",
         "action_summary":"applying LAVA test overlay",
         "action_description":"overlay test support files onto image",
         "meta_type":1,
         "testdata":3,
         "yaml_line":null,
         "description_line":null,
         "log_section":null,
         "duration":null,
         "timeout":30,
         "testcase":null,
         "count":null,
         "max_retries":1
      }
   },
   {
      "model":"lava_results_app.actiondata",
      "pk":96,
      "fields":{
         "action_name":"test-install-overlay",
         "action_level":"1.3.3.15",
         "action_summary":"applying LAVA test install scripts",
         "action_description":"overlay dependency installation support files onto image",
         "meta_type":1,
         "testdata":3,
         "yaml_line":null,
         "description_line":null,
         "log_section":null,
         "duration":null,
         "timeout":30,
         "testcase":null,
         "count":null,
         "max_retries":1
      }
   },
   {
      "model":"lava_results_app.actiondata",
      "pk":97,
      "fields":{
         "action_name":"test-runscript-overlay",
         "action_level":"1.3.3.16",
         "action_summary":"applying LAVA test run script",
         "action_description":"overlay run script onto image",
         "meta_type":1,
         "testdata":3,
         "yaml_line":null,
         "description_line":null,
         "log_section":null,
         "duration":null,
         "timeout":30,
         "testcase":null,
         "count":null,
         "max_retries":1
      }
   },
   {
      "model":"lava_results_app.actiondata",
      "pk":98,
      "fields":{
         "action_name":"git-repo-action",
         "action_level":"1.3.3.17",
         "action_summary":"clone git test repo",
         "action_description":"apply git repository of tests to the test image",
         "meta_type":1,
         "testdata":3,
         "yaml_line":null,
         "description_line":null,
         "log_section":null,
         "duration":null,
         "timeout":30,
         "testcase":null,
         "count":null,
         "max_retries":1
      }
   },
   {
      "model":"lava_results_app.actiondata",
      "pk":99,
      "fields":{
         "action_name":"test-overlay",
         "action_level":"1.3.3.18",
         "action_summary":"applying LAVA test overlay",
         "action_description":"overlay test support files onto image",
         "meta_type":1,
         "testdata":3,
         "yaml_line":null,
         "description_line":null,
         "log_section":null,
         "duration":null,
         "timeout":30,
         "testcase":null,
         "count":null,
         "max_retries":1
      }
   },
   {
      "model":"lava_results_app.actiondata",
      "pk":100,
      "fields":{
         "action_name":"test-install-overlay",
         "action_level":"1.3.3.19",
         "action_summary":"applying LAVA test install scripts",
         "action_description":"overlay dependency installation support files onto image",
         "meta_type":1,
         "testdata":3,
         "yaml_line":null,
         "description_line":null,
         "log_section":null,
         "duration":null,
         "timeout":30,
         "testcase":null,
         "count":null,
         "max_retries":1
      }
   },
   {
      "model":"lava_results_app.actiondata",
      "pk":101,
      "fields":{
         "action_name":"test-runscript-overlay",
         "action_level":"1.3.3.20",
         "action_summary":"applying LAVA test run script",
         "action_description":"overlay run script onto image",
         "meta_type":1,
         "testdata":3,
         "yaml_line":null,
         "description_line":null,
         "log_section":null,
         "duration":null,
         "timeout":30,
         "testcase":null,
         "count":null,
         "max_retries":1
      }
   },
   {
      "model":"lava_results_app.actiondata",
      "pk":102,
      "fields":{
         "action_name":"compress-overlay",
         "action_level":"1.3.4",
         "action_summary":"Compress the lava overlay files",
         "action_description":"Create a lava overlay tarball and store alongside the job",
         "meta_type":1,
         "testdata":3,
         "yaml_line":null,
         "description_line":null,
         "log_section":null,
         "duration":null,
         "timeout":30,
         "testcase":null,
         "count":null,
         "max_retries":1
      }
   },
   {
      "model":"lava_results_app.actiondata",
      "pk":103,
      "fields":{
         "action_name":"persistent-nfs-overlay",
         "action_level":"1.3.5",
         "action_summary":"add test overlay to NFS",
         "action_description":"unpack overlay into persistent NFS",
         "meta_type":1,
         "testdata":3,
         "yaml_line":null,
         "description_line":null,
         "log_section":null,
         "duration":null,
         "timeout":30,
         "testcase":null,
         "count":null,
         "max_retries":1
      }
   },
   {
      "model":"lava_results_app.actiondata",
      "pk":104,
      "fields":{
         "action_name":"apply-overlay-guest",
         "action_level":"1.4",
         "action_summary":"build a guest filesystem with the overlay",
         "action_description":"prepare a qcow2 drive containing the overlay",
         "meta_type":1,
         "testdata":3,
         "yaml_line":null,
         "description_line":null,
         "log_section":null,
         "duration":null,
         "timeout":30,
         "testcase":null,
         "count":null,
         "max_retries":1
      }
   },
   {
      "model":"lava_results_app.actiondata",
      "pk":105,
      "fields":{
         "action_name":"deploy-device-env",
         "action_level":"1.5",
         "action_summary":"deploy device environment",
         "action_description":"deploy device environment",
         "meta_type":1,
         "testdata":3,
         "yaml_line":null,
         "description_line":null,
         "log_section":null,
         "duration":null,
         "timeout":30,
         "testcase":null,
         "count":null,
         "max_retries":1
      }
   },
   {
      "model":"lava_results_app.actiondata",
      "pk":106,
      "fields":{
         "action_name":"boot-image-retry",
         "action_level":"2",
         "action_summary":"boot with retry",
         "action_description":"boot image with retry",
         "meta_type":2,
         "testdata":3,
         "yaml_line":null,
         "description_line":null,
         "log_section":null,
         "duration":null,
         "timeout":30,
         "testcase":null,
         "count":null,
         "max_retries":1
      }
   },
   {
      "model":"lava_results_app.actiondata",
      "pk":107,
      "fields":{
         "action_name":"boot-qemu-image",
         "action_level":"2.1",
         "action_summary":"boot QEMU image",
         "action_description":"boot image using QEMU command line",
         "meta_type":2,
         "testdata":3,
         "yaml_line":null,
         "description_line":null,
         "log_section":null,
         "duration":null,
         "timeout":30,
         "testcase":null,
         "count":null,
         "max_retries":1
      }
   },
   {
      "model":"lava_results_app.actiondata",
      "pk":108,
      "fields":{
         "action_name":"execute-qemu",
         "action_level":"2.1.1",
         "action_summary":"execute qemu to boot the image",
         "action_description":"call qemu to boot the image",
         "meta_type":2,
         "testdata":3,
         "yaml_line":null,
         "description_line":null,
         "log_section":null,
         "duration":null,
         "timeout":30,
         "testcase":null,
         "count":null,
         "max_retries":1
      }
   },
   {
      "model":"lava_results_app.actiondata",
      "pk":109,
      "fields":{
         "action_name":"auto-login-action",
         "action_level":"2.2",
         "action_summary":"Auto-login after boot with support for kernel messages.",
         "action_description":"automatically login after boot using job parameters and checking for messages.",
         "meta_type":2,
         "testdata":3,
         "yaml_line":null,
         "description_line":null,
         "log_section":null,
         "duration":null,
         "timeout":30,
         "testcase":null,
         "count":null,
         "max_retries":1
      }
   },
   {
      "model":"lava_results_app.actiondata",
      "pk":110,
      "fields":{
         "action_name":"expect-shell-connection",
         "action_level":"2.3",
         "action_summary":"Expect a shell prompt",
         "action_description":"Wait for a shell",
         "meta_type":2,
         "testdata":3,
         "yaml_line":null,
         "description_line":null,
         "log_section":null,
         "duration":null,
         "timeout":30,
         "testcase":null,
         "count":null,
         "max_retries":1
      }
   },
   {
      "model":"lava_results_app.actiondata",
      "pk":111,
      "fields":{
         "action_name":"export-device-env",
         "action_level":"2.4",
         "action_summary":"Exports environment variables action",
         "action_description":"Exports environment variables to the device",
         "meta_type":2,
         "testdata":3,
         "yaml_line":null,
         "description_line":null,
         "log_section":null,
         "duration":null,
         "timeout":30,
         "testcase":null,
         "count":null,
         "max_retries":1
      }
   },
   {
      "model":"lava_results_app.actiondata",
      "pk":112,
      "fields":{
         "action_name":"lava-test-retry",
         "action_level":"3",
         "action_summary":"Retry support for Lava Test Shell",
         "action_description":"Retry wrapper for lava-test-shell",
         "meta_type":3,
         "testdata":3,
         "yaml_line":null,
         "description_line":null,
         "log_section":null,
         "duration":null,
         "timeout":30,
         "testcase":null,
         "count":null,
         "max_retries":1
      }
   },
   {
      "model":"lava_results_app.actiondata",
      "pk":113,
      "fields":{
         "action_name":"lava-test-shell",
         "action_level":"3.1",
         "action_summary":"Lava Test Shell",
         "action_description":"Executing lava-test-runner",
         "meta_type":3,
         "testdata":3,
         "yaml_line":null,
         "description_line":null,
         "log_section":null,
         "duration":null,
         "timeout":30,
         "testcase":null,
         "count":null,
         "max_retries":1
      }
   },
   {
      "model":"linaro_django_xmlrpc.authtoken",
      "pk":1,
      "fields":{
         "secret":"kz8wyxmldwahe4w4086ceadedfwd0z7tadr87i60u1z30xymq38xy35ji98f0h6fgqmpwr3161zq87dytza70iqyhx5ab6xrzgh5lp1ghbcbrb0q650x8tpkgrm0a9n7",
         "description":"",
         "created_on":"2020-04-30T14:06:04.118Z",
         "last_used_on":null,
         "user":2
      }
   }
]